1KUNS-PF;43466;;437.300 ;;1k2/2k4/4k8/9k6* GMSK;;re-entered
3B5GSAT;47961;;437.130 ;;;;unknown
3CAT-1;43781;;437.250 ;437.250 ;9600bps BPSK CW;;inactive
3CAT-2;41732;;145.970/2401.000;;9600bps BPSK/100kbps GMSK;;inactive
4M-LXS;;;145.980 ;;WSJT-JT65B;LX0OHB;deep space
Aalto-1;42775;;437.220/2402.000;437.220 ;9600bps GFSK CW;OH2A1S;active
Aalto-2;42729;;437.335 ;437.335 ;9600bps GFSK CW;AALTO2;re-entered
Aalto-3;;;437.325 ;;;;launch details not confirmed
AAUSAT-1;27846;;437.450 ;;9600bps GMSK;;inactive
AAUSAT-2;32788;;437.426 ;;1k2*MSK 9k6 FSK;OZ2CUB;active
AAUSAT-3;39087;;437.425 ;437.425 ;4800bps FSK CW;OZ3CUB;inactive
AAUSAT-4;41460;;437.425 ;437.425 ;2k4*/9k6/19k2 GFSK CW;OZ4CUB;active
AAUSAT-5;40948;;437.425 ;437.425 ;9600bps GMSK CW;OZ5CUB;re-entered
ACRUX-1;44369;;437.200 ;;9600bps GMSK;CQ;re-entered
AENEAS;38760;;437.600 ;;1200bps AFSK;KE6YFA-1;inactive
AeroCube-1;;;902/928;;9600bps GFSK;;failure
AeroCube-2;31133;;902-928;;9600bps GFSK;;inactive
AESP14;40389;;437.600 ;;9600bps GFSK;;inactive
AggieSat-4;41313;;436.250 ;;9k6/153k6 FSK;;re-entered
AISat;40054;;437.250 ;437.511 ;CW;DP0AIS;inactive
AISAT-1;44104;145.825 ;145.825/2259.000;;1200bps AFSK;AISAT-1;inactive
AISTECHSAT-2;43768;;436.730 ;;4k8*/9k6 FSK;;active
AISTECHSAT-3;44103;;436.730 ;;4k8/9k6* FSK;;active
AIST-1;39492;;;435.265 ;CW;;inactive
AIST-2;39133;;435.215 ;435.265 ;FM CW;;inactive
AIST-2D;41465;145.831-145.849;435.3065-435.3235;435.315 ;4800bps PSK CW;;inactive
ALEXANDER;39144;;2401.200-2431.200;437.425 ;1200bps AFSK;KJ6KRW;re-entered
AlfaCrux;52160;437.225 ;437.100*/437.225;;4800bps FSK Digipeater;;active
ALICE;39467;;460.xxx;;GFSK;;non-amateur
All-Star/THEIA;39683;;2401.700 ;;256Kbps BPSK;COSGC1AS;unknown
ALPHA;53110;;436.500 ;;9600bps FSK;;inactive
ALMASat-1;38078;;437.465/2407.850;;1200bps FSK;ALMASAT;re-entered
ALSat-1N;41789;;437.646 ;;9600bps FSK;AL1N;inactive
Al-Farabi-2;43805;;436.500 ;436.500 ;4800bps GMSK CW;UN1GWA;inactive
AmicalSat;46287;;436.100*/2415.300;;1k2*AFSK 9k6 GMSK;RS17S;active
AmurSat;44394;;436.250 ;;4800bps mobitex;;active
ANDE;29664;145.825 ;145.825 ;;1200bps AFSK;ANDE-1;re-entered
ANDE-2;35694;;145.825 ;;1200bps AFSK;KD4HBO-1;re-entered
ANDE-2;35693;;145.825 ;;1200bps AFSK;POLLUX-1;re-entered
ANTELSat;40034;;437.575/2403.000;437.280 ;1k2 AFSK GFSK/MSK CW;CX1SAT;inactive
ANUSAT;34808;;;137.400 ; 1200bps AFSK Carrier;;re-entered
Aoba-VELOX-III;41935;;437.375 ;437.375 ;1200bps AFSK CW;JG6YBW;re-entered
Aoba-VELOX-IV;43940;;437.225 ;;9600bps GMSK;;inactive
AoXiang-1;42735;;436.150*/437.640;;9600bps BPSK;NPUAX1;re-entered
AO-1;214;;;144.983 ;CW;;re-entered
AO-2;305;;;144.983 ;CW;;re-entered
AO-3;1293;145.975-146.025;144.325-144.375;;SSB CW;;inactive
AO-4;1902;432.145-432.155;144.300-144.310;431.928 ;SSB CW;;re-entered
AO-5;4321;;29.450 ;144.050 ;CW;;inactive
AO-6;6236;145.900-146.000;29.450- 29.550;435.100 ;SSB CW;;inactive
AO-7;7530;145.850-145.950;29.400- 29.500;29.502 ;A;;active
AO-7;7530;432.125-432.175;145.975-145.925;145.970 ;B C;;active
AO-7;7530;;2304.100 ;435.100 ;D(RTTY);;inactive
AO-8;10703;145.850-145.900;29.400- 29.500;29.402 ;SSB CW;;inactive
AO-8;10703;145.900-146.000;435.200-435.100;435.095 ;SSB CW;;inactive
AO-10;14129;435.030-146.180;145.975-145.825;145.810 ;SSB CW;;inactive
AO-13;19216;435.423-435.573;145.975-145.825;145.812 ;SSB CW;;re-entered
AO-16;20439;145.920 ;437.026 ;;FM USB;;inactive
AO-16;20439;145.920 ;437.026 ;2401.143 ;1200bps JAS;PACSAT-11 12;inactive
AO-21;21087;;145.800 ;145.822 ;1200bps BPSK CW;;inactive
AO-24;22654;;145.975 ;2446.540 ;1200bps AFSK;;inactive
AO-27;22825;145.850 ;436.795 ;;1200bps AFSK FM;;active
AO-37;26065;145.960/145.980;435.700 ;;9600bps FSK;;inactive
AO-40;26609;;;2401.323 ;400bps PSK;;inactive
AO-49;27605;435.275 ;145.825 ;;U/1200 D/9600 MSK;;inactive
AO-51;28375;145.920 ;435.300 ;435.150 ;FM tone 67.0Hz;;inactive
AO-51;28375;145.860/145.880;2401.200 ;435.150 ;9600bps FSK;PECHO-11 12;inactive
AO-51;28375;1268.700 ;435.150 ;;9600bps FSK;PACB-11 12;inactive
AO-54;28933;;145.990 ;;FM;;unknown
AO-71;37854;;437.475 ;437.473 ;1200bps AFSK CW;;inactive
AO-73;39444;435.130-435.150;145.970-145.950;145.935 ;1200*bps BPSK SSB;;active
AO-85;40967;435.182 ;145.980 ;145.980 ;FM CTCSS 67.0Hz/200bps DUV;;inactive
AO-91;43017;435.250 ;145.960 ;145.960 ;FM* CTCSS 67.0Hz/200bps DUV;;active
AO-92;43137;435.350/1267.350;145.880 ;145.880 ;FM CTCSS 67.0Hz/200bps DUV;;active
AO-95;43770;435.300/1267.300;145.920 ;145.920 ;FM CTCSS 67.0Hz/200bps DUV*;;inactive
AO-109;47311;145.860-145.890;435.790-435.760;435.750 ;1k2 BPSK SSB CW* FT4*;;active
AprizeSat-1;28372;;;;;;unknown
AprizeSat-2;28366;;;;;;unknown
AprizeSat-3;35686;;;;;;unknown
AprizeSat-4;35684;;;;;;unknown
AprizeSat-5;37792;;;;;;unknown
AprizeSat-6;37793;;400.591 ;;9600bps GMSK;;unknown
AprizeSat-7;39416;;400.585 ;;9600bps GMSK;;unknown
AprizeSat-8;39425;;400.553 ;;9600bps GMSK;;unknown
AprizeSat-9;40018;;400.552 ;;9600bps GMSK;;unknown
AprizeSat-10;40019;;;;;;unknown
APSS-1;46932;;435.100 ;;9600bps GMSK;;unknown
AQT-D;44791;;;;;;re-entered
ARCE-1A;;;2417.000/2449.2815;;BPSK QPSK FSK;;inactive
ARCE-1B;;;2417.000/2449.2815;;BPSK QPSK FSK;;inactive
ARCE-1C;;;2417.000/2449.2815;;BPSK QPSK FSK;;inactive
ARC-1;40969;;437.565 ;2440.500 ;9600bps 1Mbps CW;;re-entered
Arduiqube;47963;;437.125 ;437.125 ;50/100*bdRTTY 500bdFSK CW;;active
ArduSat-1;39412;;437.325 ;437.000 ;9600bps MSK CW;WG9XFC-1;re-entered
ArduSat-2;39570;;437.xxx;;9600bps MSK CCSDS;WG9XFC-2;re-entered
ArduSat-X;39414;;437.345 ;437.007 ;9600bps MSK CW;WG9XFC-X;re-entered
Argus;;;2403.000-2403.400;437.290 ;1200bps AFSK;;failure
Argus-2;45257;;437.290 ;;9600bps GMSK;;re-entered
ARISSat-1;37772;435.742-435.758;145.938-145.922;145.919 ;FM linear/inverting;;re-entered
ARISSat-1;37772;;145.950 ;;FM SSTV Telemetry;;re-entered
ARISSat-1;37772;;145.918 ;145.919 ;BPSK-1000/CW;RS01S;re-entered
ARISSat-1;37772;;145.939 ;145.939 ;BPSK-400/CW;;re-entered
ARKSAT-1;;;435.450 ;;9600bps NBFM;;to be launched
Armadillo;44352;;437.525 ;;19k2*/38k4 GMSK;KE5DTW;re-entered
ARTSAT1-INVADER;39577;;437.200 ;437.325 ;1k2AFSK DigiTalker CW;JQ1ZKK;re-entered
ARTSAT2-DESPATCH;40321;;;437.325 ;CW;JQ1ZNN;deep space
ASELSAT;47441;;436.950 ;;;;unknown
AstroBio;53107;435.600 ;435.600/437.425*;IU0SIA;9600bps FSK Digipeater;;inactive
Astrocast-0.1;43798;;437.147/2403.000;;1200bps FSK;HB9GSF;active
Astrocast-0.2;44083;;437.175/2406.000;;1200bps FSK;HB9GSF;inactive
Astrocast-0304;54367;;1.531GHz;;400bps QPSK;;inactive
ASTROLAND-1;;145.875 ;436.888 ;436.888 ;1k2/2k4 AFSK FM APRS CW;AM2SAT;re-entered
ASTROLAND-2;;145.925 ;436.666 ;436.666 ;1k2/2k4 AFSK FM APRS SSTV CW;AM3SAT;re-entered
Athenoxat-1;41168;;437.485 ;437.485 ;2k4*GMSK 4k8*AFSK CW;ATX1;active
Atlantis;42737;;436.390 ;;9600bps GMSK;WD8DOX;re-entered
ATL-1;44830;;437.175 ;;12.5kbps GMSK;;re-entered
AubieSat-1;37854;;437.475 ;;1200bps AFSK CW;;inactive
Aurora;48956;;400.500 ;;FM;;inactive
AuroraSat;;;437.875/2428.000;;9600bps GFSK;;to be launched
AUTcube2;;;437.385 ;437.505 ;1k2AFSK 9k6FSK WSJT;JJ2YTA;unknown
AzaadiSAT;;;437.400 ;;1200bps FSK SSTV LoRa;;re-entered
AzaadiSAT-2;55563;;437.400 ;;1200bps FSK LoRa;AZDSAT;inactive
AzTechSat-1;45261;;437.300 ;;9600bps GMSK/FSK;;re-entered
BAMA-1;;;437.460 ;;2k4 2GFSK 38k4 4GFSK;;failure
BCCSAT-1;48041;;435.635 ;435.635 ;4800bps GMSK CW;HS0W;active
BDSat;52175;;145.850/436.025*;436.025 ;9600*bps GFSK CW;OK0BDS;active
BDSat-2;55098;;145.850/436.025;436.025 ;9600bps GFSK CW;OK0BDT;active
BeaverCube;53770;;401.500 ;;FSK;;inactive
BeEagleSat;42736;;437.370 ;;9600bps GMSK;ON01TR;re-entered
BEESAT-1;35933;;436.000 ;;4k8/9k6 GMSK;DP0BEE;inactive
BEESAT-2;39136;;435.950 ;435.950 ;4800bps GMSK CW;DP0BEF;inactive
BEESAT-3;39135;;435.950 ;435.950 ;4800bps GMSK CW;DP0BEG;inactive
BEESAT-4;41619;;435.950 ;435.950 ;4800bps GMSK CW;DP0BEH;inactive
BEESAT-5;48083;;435.950 ;;4800bps GMSK;DB0BEI;active
BEESAT-6;48083;;435.950 ;;4800bps GMSK;DB0BEJ;active
BEESAT-7;48084;;435.950 ;;4800bps GMSK;DB0BEK;active
BEESAT-8;48084;;435.950 ;;4800bps GMSK;DB0BEL;active
BEESAT-9;44412;;435.950 ;;4k8*/9k6 GMSK;DP0BEM;active
BEESAT-10;;;435.950 ;;1200bps GMSK;;unknown
BEESAT-11;;;435.950 ;;1200bps GMSK;;unknown
BEESAT-12;;;435.950 ;;1200bps GMSK;;unknown
BEESAT-13;;;435.950 ;;1200bps GMSK;;unknown
BELIEFSAT-1;;435.825 ;145.825 ;;1200bps FM;;unknown
BELL;39142;;2401.200-2431.200;437.425 ;1200bps AFSK;KJ6KRW-1;re-entered
Bevo-2;41314;;437.325 ;;38k4 FSK CW;;inactive
BHUTAN-1;43591;145.825 ;145.825 ;437.375 ;APRS digipeater CW;JG6YKL;re-entered
BhutanSat;54365;;435.080 ;;1200bps FSK;INDUSR;active
Binar-1;49272;435.810 ;435.810/437.292;;1k2/19k2GMSK;VK6BUS;re-entered
Bion-M1;39130;;;;;;non-amateur
BIRD-B;42823;;437.375 ;437.372 ;1k2AFSK 9k6GMSK CW;JG6YJS;re-entered
BIRD-G;42821;;437.375 ;437.372 ;1k2AFSK 9k6GMSK CW;JG6YJP;inactive
BIRD-J;42820;;437.375 ;437.372 ;1k2AFSK 9k6GMSK CW;JG6YJO;re-entered
BIRD-M;42822;;437.375 ;437.372 ;1k2AFSK 9k6GMSK CW;JG6YJQ;re-entered
BIRD-N;42824;;437.375 ;437.372 ;1k2AFSK 9k6GMSK CW;JG6YJR;re-entered
BIRD-BT;43591;145.825 ;145.825 ;437.375 ;APRS digipeater CW;JG6YKL;re-entered
BIRD-MY;43589;145.825 ;145.825 ;437.375 ;APRS digipeater CW;JG6YKN;re-entered
BIRD-PH;43590;145.825 ;145.825 ;437.375 ;APRS digipeater CW;JG6YKM;re-entered
BIRD-JPN;44330;;437.375 ;437.375 ;4800bps GMSK CW;JG6YLE;re-entered
BIRD-LKA;44329;;437.375 ;437.375 ;4800bps GMSK CW;JG6YLG;re-entered
BIRD-NPL;44331;;437.375 ;437.375 ;4800bps GMSK CW;JG6YLF;re-entered
BIRDS-4(Tsuru);47927;145.825 ;145.825 ;437.375 ;4k8*FSK APRS CW;JG6YMX;re-entered
BIRDS-4(Maya-2);47929;145.825 ;145.825 ;37.375 ;4k8FSK APRS CW;JG6YMY;re-entered
BIRDS-4(GuaraniSat-1);47931;145.825 ;145.825 ;437.375 ;1k2AFSK/4k8FSK APRS CW;JG6YMZ;re-entered
BIRDS-5(Taka);54534;;145.825/435.375;435.375 ;4800bps GMSK APRS CW;;inactive
BIRDS-5(PearlAfricaSat-1);54535;;145.825/435.375;435.375 ;4800bps GMSK APRS CW;;inactive
BIRDS-5(ZimSat-1);54536;;145.825/435.375;435.375 ;4800bps GMSK APRS CW;;inactive
BIROS;41604;;437.525 ;;4800bps GMSK;;inactive
BisonSat;40968;;437.375 ;;9600bps GMSK;N7SKC;active
Black Knight-1;39398;;437.345 ;;;;re-entered
Blue Diamond;42783;;401.150 ;;9600bps FSK;;active
BlueWalker-3;53807;;437.500/2210.000;;2k4*/9k6 FSK;;active
Bobcat-1;46922;;436.600 ;;9k6/38k4/57k6* GMSK;BOBCAT-1;re-entered
BO-47;27422;;145.840 ;;400bps BPSK;;inactive
BO-48;27422;;435.270 ;;400bps BPSK;;inactive
BO-102;44443;145.900 ;435.690 ;435.715 ;V/U FM CW;;re-entered
BRAC;42823;;437.375 ;437.372 ;1k2AFSK 9k6GMSK CW;JG6YJS;re-entered
BRICSAT2;44355;28.120/145.825;145.825/435.350/437.605*;;1k2/9k6* FSK;USNAP1-1;re-entered
BRICSAT-P;40655;28.120;435.350;437.975;9600bps FSK;BRCSAT;re-entered
BRITE-AUSTRIA;39091;;145.890/437.365;2234.400 ;32Kbps-256Kbps BPSK;;inactive
BRITE-PL;39431;;437.365/2234.400;145.890 ;32Kbps-256Kbps;;inactive
BRO-1;44495;;;;;;unknown
BRO-2;46940;;;;;;unknown
BRO-3;46944;;;;;;unknown
BRO-4;49066;;401.735 ;;9600bps FSK;;active
BRO-5;51061;;401.735 ;;4800bps FSK;;inactive
BRO-6;52422;;401.735 ;;9600bps FSK;;active
BRO-7;52174;;401.735 ;;9600bps FSK;;active
BRO-8;55011;;401.735 ;;9600bps FSK;;active
BSUSat-1;43666;436.200 ;436.200/436.990*;;4k8/9k6* GMSK Digipeater;EU10S;active
BugSat-1;40014;;437.445 ;;9600bps GMSK;LU7AA;active
BY70-1;41909;145.920 ;436.200 ;;9600bps BPSK FM tone 67.0Hz;;re-entered
BY70-2;45857;;436.200 ;;9600bps BPSK;;active
BY70-3;46839;;437.600 ;;9600bps BPSK;NPUBY3;active
CADRE;41475;;437.485/3404.000;;9600bps GMSK 1Mbit OQPSK;;re-entered
CAERUS;;;437.600 ;;1200bps AFSK;KJ6FIX-1;unknown
CANX-1;27847;;437.880 ;;1200bps AFSK;VA3SFL;inactive
CANX-2;32790;;437.478 ;;GMSK;VA3SFL;inactive
CANX-2;32790;;2200.000/2407.650;;32Kbps-256Kbps BPSK;VA3SFL;inactive
CANX-3A;39092;;145.890 ;145.890 ;CW;;inactive
CANX-3B;39091;;145.890/437.365;2234.400 ;32Kbps-256Kbps BPSK;;inactive
CANX-4;40055;;145.890/2234.400;437.365 ;32Kbps-256Kbps BPSK;;inactive
CANX-5;40056;;145.890/2234.400;437.365 ;32Kbps-256Kbps BPSK;;inactive
Canyval-X 1/2;;;435.000 ;435.000 ;9600bps MSK;;unknown
CANYVAL-C1;;;436.330 ;;4800bps GMSK;;unknown
CANYVAL-C2;;;437.500 ;;4800bps GMSK;;unknown
CAPE-1;31130;;435.245 ;435.248 ;1200bps AFSK;K5USL;inactive
CAPE-2;39382;145.825 ;145.822/437.325;145.825 ;1200bps AFSK CW Voice;W5UL-15;re-entered
CAPE-3;47309;;145.825/437.325*;;1k2*AFSK 9k6 FSK;W5UL-11;active
CapSat-1;;;;;;;unknown
CAS-1;36122;145.925-145.975;435.765-435.715;;SSB inverting;BJ1SA-11 12;inactive
CAS-1;36122;145.825 ;435.675 ;;FM tone 67Hz;;inactive
CAS-1;36122;;;435.790 ;CW;BJ1SA;active
CAS-2A1/2A2;;;;;;;unknown
CAS-2T;41847;145.925 ;435.615 ;435.710 ;FM CW*;CAS2T;active
CAS-3A;40903;435.030-435.050;145.685-145.665;145.640/145.660;9k6/19k2 GMSK/CW*;BJ1SB;active
CAS-3B;40911;435.090-435.110;145.750-145.730;145.705/145.725;9k6/19k2 GMSK/CW*;BJ1SC;active
CAS-3C;40906;435.150-435.170;145.815-145.795;145.770/145.790;9k6/19k2 GMSK/CW*;BJ1SD;active
CAS-3D;40907;435.210-435.230;145.880-145.860;145.835/145.855;9k6/19k2 GMSK/CW*;BJ1SE;active
CAS-3E;40909;435.270-435.290;145.935-145.915;145.890/145.910;9k6 GMSK/CW*;BJ1SF;active
CAS-3F;40910;435.330-435.350;146.000-145.980;145.955/145.975;9k6 GMSK/CW*;BJ1SG;active
CAS-3G;40912;;145.475*/437.950;;9k6* GMSK;BJ1SH;active
CAS-3H;40908;144.350/144.390;144.390/437.225*;437.200;1k2/4k8/9k6* AFSK/GFSK;BJ1SI;active
CAS-3I;40900;;437.300;;9k6 GFSK;BJ1SJ;active
CAS-4A;42761;435.210-435.230;145.880-145.860;;SSB*;;active
CAS-4A;42761;;145.835 ;145.855 ;4800bps GMSK CW;BJ1SK;active
CAS-4B;42759;435.270-435.290;145.935-145.915;;SSB*;;active
CAS-4B;42759;;145.890 ;145.910 ;4800bps GMSK CW;BJ1SL;active
CAS-5A;54684;145.820 ;435.540 ;;VHF/UHF SSB bandwidth 30kHz;;active
CAS-5A;54684;145.925 ;435.600 ;;VHF/UHF FM bandwidth 30kHz;;active
CAS-5A;54684;145.975 ;435.650 ;;4k8 GMSK image*data;CAS5A;active
CAS-5A;54684;;;435.570 ;UHF_CW;BJ1SO;active
CAS-5A;54684;21.400 ;29.490 ;;HF/HF SSB bandwidth 30kHz;;unknown
CAS-5A;54684;21.435 ;435.505 ;;HF/UHF SSB bandwidth 30kHz;;unknown
CAS-5A;54684;;;29.465 ;HF_CW;;unknown
CAS-5B;;;;435.720 ;UHF_CW;;to be launched
CAS-6;44881;435.270-435.290;145.935-145.915;;SSB;;active
CAS-6;44881;;145.890 ;;4800bps GMSK;BJ1SO;active
CAS-6;44881;;;145.910 ;CW;BJ1SO;active
CAS-7A;;21.245-21.275;29.465-29.435;;HF/HF SSB;;to be launched
CAS-7A;;;;29.425 ;HF CW;;to be launched
CAS-7A;;21.3125-21.3275;435.3725-435.3575;;HF/UHF SSB;;to be launched
CAS-7A;;;;435.430 ;UHF CW;;to be launched
CAS-7A;;145.865-145.895;435.415-435.385;;VHF/UHF SSB;;to be launched
CAS-7A;;;435.480 ;;4k8 9k6 GMSK telemetry;;to be launched
CAS-7A;;;10460.000 ;;1 Mbps GMSK image data;;to be launched
CAS-7B;44443;145.900 ;435.690 ;;VHF/UHF FM;;re-entered
CAS-7B;44443;;;435.715 ;UHF CW;;re-entered
CAS-8A;;145.805-145.835;435.540-435.510;;VHF/UHF SSB;;to be launched
CAS-8A;;;;435.575 ;UHF CW;;to be launched
CAS-8A;;;435.735 ;;4K8 9K6 GMSK telemetry;;to be launched
CAS-8A;;;2405.100 ;;4K8 9K6 GMSK telemetry;;to be launched
CAS-8A;;;2405.100 ;;192kbps GMSK image data;;to be launched
CAS-8A;;;2405.300 ;;Inter-satellite link;;to be launched
CAS-8B;;145.840-145.870;435.625-435.595;;VHF/UHF SSB;;to be launched
CAS-8B;;;;435.580 ;UHF CW;;to be launched
CAS-8B;;;435.750 ;;4K8 9K6 GMSK telemetry;;to be launched
CAS-8B;;;2405.100 ;;4K8 9K6 GMSK telemetry;;to be launched
CAS-8B;;;2405.100 ;;192kbps GMSK image data;;to be launched
CAS-8B;;;2405.300 ;;Inter-satellite link;;to be launched
CAS-8C;;145.875-145.905;435.660-435.630;;VHF/UHF SSB;;to be launched
CAS-8C;;;;435.585 ;UHF CW;;to be launched
CAS-8C;;;435.775 ;;4K8 9K6 GMSK telemetry;;to be launched
CAS-8C;;;2405.300 ;;Inter-satellite link;;to be launched
CAS-8D;;145.910-145.940;435.695-435.665;;VHF/UHF SSB;;to be launched
CAS-8D;;;;435.590 ;UHF CW;;to be launched
CAS-8D;;;435.800 ;;4K8 9K6 GMSK telemetry;;to be launched
CAS-8D;;;2405.300 ;;Inter-satellite link;;to be launched
CAS-9;50466;145.855-145.885;435.195-435.165;;VHF/UHF SSB*;;active
CAS-9;50466;145.985;435.725 ;;4k8*GMSK image data;CAS9;active
CAS-9;50466;;;435.575 ;UHF CW*;;active
CAS-10;54816;145.870 ;435.180 ;;VHF/UHF SSB bandwidth 30kHz;;re-entered
CAS-10;54816;;435.725 ;;4K8 GMSK telemetry;CAS10;re-entered
CAS-10;54816;;;435.575 ;DTMF_camera CW;;re-entered
CatSat;;;437.185/10470.000;;9k6/38k4GMSK;;to be launched
CELESTA;53111;;436.500 ;FX6FRB;1k2AFSK 2k4*/9k6GMSK;;inactive
Centauri-1;43809;;400.625 ;;9600bps FSK;;inactive
Centauri-2;43722;;400.625 ;;9600bps FSK;;inactive
Centauri-3;47966;;400.180 ;;9600bps FSK;;active
Centauri-4;48898;;400.180 ;;FM;;active
Centauri-5;52742;;;;;;unknown
Challenger;42721;;437.510 ;;9600bps GMSK;QBUS01;re-entered
Challenger;51073;;401.300 ;;2400bps AFSK;;inactive
ChargerSat-1;39405;;437.405 ;;9600bps FSK;;re-entered
Chasqui-1;40117;;437.025 ;;1k2AFSK/9k6GMSK;;inactive
CHOMPTT;43855;;437.560 ;;1k2*AFSK/9k6GMSK;WI2XVT;active
ChubuSat-1;40300;145.980 ;437.485 ;437.485 ;1200bps 9600bps CW;JJ2YJY;inactive
ChubuSat-2;41338;145.815 ;437.100 ;437.102 ;1k2 AFSK 9k6 GMSK CW;JJ2YPN;inactive
ChubuSat-3;41339;145.840 ;437.425 ;437.424 ;1k2 AFSK 9k6 GMSK CW;JJ2YPO;inactive
CLICK-A;;;;;;;unknown
Cliff;43770;435.300/1267.300;145.920 ;145.920 ;FM CTCSS 67.0Hz/200bps DUV;;inactive
CNUSail-1;43133;;437.100 ;;9600bps GMSK;;unknown
Columbia;42702;;437.055 ;;9600bps GMSK;KD8CJT;inactive
COMPASS-1;32787;;437.405 ;437.275 ;1200bps AFSK CW;DP0COM;inactive
COMPASS-2;42777;;437.300/2403.000;;1200bps AFSK;;inactive
Connecta-T1_1;52739;;401.525 ;;9600bps GMSK;CONT11;active
Connecta-T1_2;55012;;401.525 ;;4800bps GFSK;CONT12;active
COPPER;39395;;2403.000-2403.400;437.290 ;9600bps FSK;;re-entered
CORVUS-BC2;42846;;400.175 ;;FM;;inactive
CORVUS-BC1;42847;;400.175 ;;FM;;inactive
CO-55;27844;;437.470 ;436.838 ;1200bps AFSK CW*;JQ1YCY;active
CO-56;28941;;437.505 ;437.382 ;1200bps AFSK;JQ1YPC;re-entered
CO-56;28941;1268.500 ;437.505 ;437.382 ;9600bps GMSK;;re-entered
CO-57;27848;;437.490 ;436.848 ;1200bps AFSK CW*;JQ1YCW;active
CO-58;28895;;437.345 ;437.465 ;1200bps AFSK CW*;JQ1YGW;active
CO-65;32785;;437.475 ;437.275 ;1200bps AFSK CW*;JQ1YTC;active
CO-65;32785;1267.600 ;437.475 ;;9600bps GMSK;JQ1YTC;inactive
CO-66;32791;;437.485 ;437.485 ;1k2AFSK CW* DigiTalker;JQ1YGU;active
CO-77;39577;;437.200 ;437.325 ;1k2AFSK DigiTalker CW;JQ1ZKK;re-entered
CPOD-FLT1;52772;;401.180 ;;FM;;inactive
CP-1;;;436.845 ;;15bps DTMF;;failure
CP-2;;;437.325 ;;1200bps AFSK;;failure
CP-3;31129;;436.845 ;;1200bps AFSK;;inactive
CP-4;31132;;437.325 ;437.325 ;1200bps SSB CW;N6CP;inactive
CP-5;38763;;437.405 ;437.405 ;1200bps AFSK CW;CP5;inactive
CP-6;35003;;437.365 ;437.365 ;1200bps AFSK CW;N6CP;inactive
CP-7;43615;;437.150 ;437.150 ;9600bps FSK CW;WI2XNR-1;re-entered
CP-8;39471;;437.270 ;437.270 ;9600bps GMSK CW;KJ6KSL-1;inactive
CP-9;44360;;437.505 ;;9k6*/19k2/38k4 FSK;KJ6RQH-1;re-entered
CP-10;40380;;437.270 ;437.270 ;9600bps FSK CW;KK6HGC XO3;inactive
CP-11;43856;;437.150 ;437.150 ;9600bps FSK CW;;inactive
CP-12;47319;;437.150 ;437.150 ;9600bps FSK CW;KK6HIT;inactive
CryoCube-1;45260;2082.004 ;2261.000 ;;;;re-entered
CSIM-FD;43793;;437.250 ;;9k6*/19k2 GMSK;CSIM;active
CSS(TIANHE);48274;435.06839;145.98723;;FM;;unknown
CSS(TIANHE);48274;145.850 ;145.985 ;;NFM Crew Voice;;unknown
CSS(TIANHE);48274;435.050 ;436.510 ;;NFM Crew Voice;;unknown
CSS(TIANHE);48274;145.875 ;436.510 ;;NFM Repeater;;unknown
CSS(TIANHE);48274;435.075 ;145.985 ;;NFM Repeater;;unknown
CSS(TIANHE);48274;145.825 ;145.825 ;;1k2_AFSK Digipeater;;unknown
CSS(TIANHE);48274;437.550 ;437.550 ;;1k2_AFSK Digipeater;;unknown
CSS(TIANHE);48274;145.850 ;145.985 ;;SSTV Imaging;;unknown
CSS(TIANHE);48274;435.050 ;436.510 ;;SSTV Imaging;;unknown
CSS(WENTIAN);53239;;;;;;inactive
CSS(MENGTIAN);54216;;;;;;inactive
CSSWE;38761;;437.349 ;;9600bps GMSK;CSSWE7;inactive
CSTB-1;31122;;400.038 ;;1200bps AFSK;;inactive
CSUNSat1;42715;;437.400 ;437.400 ;9600bps GMSK CW;CSUNSAT1;re-entered
CTIM-FD;52950;;437.250 ;;9600bps GFSK;;active
CUAVA-1;49275;145.875/2404.000;437.075/2440.000;;9600bps GMSK;;re-entered
CUAVA-1;49275;5660.000/76.750GHz;5840.000/76.750GHz;;9600bps GMSK;;re-entered
CubeBel-1;43666;436.200 ;436.200/436.990*;;4k8/9k6* GMSK Digipeater;EU10S;active
CubeBug-1;39153;;437.445 ;437.438 ;1200bps AFSK;CUBEB1;inactive
CubeBug-2;39440;;437.445 ;;1k2AFSK 9k6*FSK;CUBEB2-6;active
CubeSail-1/2;43851;;437.305/437.505;;9600bps GMSK;;inactive
CubeSX-HSE;47952;;435.650/10455.000;;9k6FSK/DVB-S2;RS13S;active
CubeSX-HSE-2;53383;;435.570 ;;2400bps GMSK USP;RS21S;active
CubeSX-Sirius-HSE;47951;;437.050/10465.000;;2k4/9k6*FSK/DVB-S2;RS14S;active
CUNYSAT-1;39470;;437.505 ;437.505 ;9600bps GMSK CW;;inactive
CuPID;49264;;400.500 ;;38k4 GFSK;;inactive
CUSat-1;39266;;437.405 ;;1200bps AFSK;BOTTOM;inactive
CUSat-2;39271;;437.485 ;;1200bps AFSK;WG2XTI;inactive
CUTE;49263;;437.250/2402.000;;9k6*/19k2GMSK 1MbpsBPSK;CUTE;active
CUTE-I;27844;;437.470 ;436.838 ;1200bps AFSK CW*;JQ1YCY;active
CUTE-1.7;28941;;437.505 ;437.382 ;1200bps AFSK;JQ1YPC;re-entered
CUTE-1.7;28941;1268.500 ;437.505 ;437.382 ;9600bps GMSK;;re-entered
CUTE1.7+APDII;32785;;437.475 ;437.275 ;1200bps AFSK CW*;JQ1YTC;active
CUTE1.7+APDII;32785;1267.600 ;437.475 ;;9600bps GMSK;JQ1YTC;inactive
CXBN;38762;;437.525 ;;9600bps GFSK;;inactive
CXBN-2;42704;;437.075 ;;9600bps FSK;;re-entered
CySat-1;;;436.375 ;;9600bps;;unknown
D3;53769;;437.080/2432.000;;1k2AFSK 9k6GMSK;;unknown
DAILI;51443;;914.700 ;;FM;;non-amateur
DANDE;39267;;436.750 ;436.750 ;9600bps GMSK;DANDE-2;inactive
DANTESAT;55127;;437.600 ;;9600bps FSK;;re-entered
DAVE;43615;;437.150 ;437.150 ;9600bps FSK CW;WI2XNR-1;re-entered
DaVinci;43857;145.100 ;436.500 ;;9600bps GMSK;;re-entered
DCBB;40912;;145.475*/437.950;;9k6* GMSK;BJ1SH;active
DEKART;46493;;437.000 ;;4800bps mobitex;;active
DELFI-C3;32789;;145.870 ;;1200bps BPSK;DLFIC3;active
DELFI-C3;32789;435.530-435.570;145.920-145.880;145.930 ;SSB CW;DLFIC3;inactive
Delfi-n3Xt;39428;;145.870/145.930;2405.000 ;2400bps BPSK MSK;;inactive
Delfi-n3Xt;39428;435.530-435.570;145.880-145.920;;SSB;;inactive
Delfi-PQ;51074;;436.650 ;;1k2*/2k4/19k2 FSK;DLFIPQ;active
Delphini-1;44030;;437.500 ;;1k2/4k8/9k6* GMSK;;re-entered
DeorbitSail;40719;;145.975 ;;1200bps BPSK;DOS;inactive
DESCENT;46927;;435.775 ;;19k34 GMSK;;re-entered
DESPATCH;40321;;;437.325 ;CW;JQ1ZNN;deep space
DEWA-Sat1;50989;;401.500 ;;FM;;unknown
DHABISAT;49017;;436.908 ;;1200bps BPSK;A68MX;active
DIDO-2;42000;;400.300 ;;1200bps BPSK;;active
DIDO-3;46284;;400.450 ;;1200bps BPSK;;active
Diwata-2;43678;437.500 ;145.900 ;145.900 ;FM* tone 141.3Hz CW;D1W2PH;active
DIY-1;47963;;437.125 ;437.125 ;100bdRTTY 500*bdFSK CW;CONDOL;active
Dodona;51084;;401.500 ;;19200bps GFSK;;unknown
DOSAAF-85;44909;145.935-145.995;435.670-435.610;435.605 ;SSB CW FT4;RS44;active
Dove-1/2;39143;;145.825 ;2420.000 ;1200bps AFSK;;re-entered
Dove-3;39429;;;;;;non-amateur
Dove-4;39434;;;;;;non-amateur
DO-17;20440;;145.825 ;2401.220 ;1200bps AFSK;DOVE-1;inactive
DO-64;32789;;145.870 ;;1200bps BPSK;DLFIC3;active
DO-64;32789;435.530-435.570;145.920-145.880;145.930 ;SSB CW;DLFIC3;inactive
DO-111;47963;;437.125 ;437.125 ;50/100*bdRTTY 500bdFSK CW;;active
DRAGONSat;35690;;436.250 ;;19200bps FSK;;re-entered
DRAGONSat;35690;;437.325 ;;9600bps FSK;;re-entered
DragonSat-1;39383;;145.870 ;;9600bps FSK;;re-entered
DragSail;42771;;437.300/2403.000;;1200bps AFSK;;inactive
DSLWP-A1(A);43471;;435.425/2222.810;436.425 ;500/250bps GMSK JT4G;BJ1SM;inactive
DSLWP-A2(B);43472;;435.400/2275.220;436.400 ;500/250bps GMSK JT4G;BJ1SN;re-entered
DTUsat-1;27842;;;437.475 ;2400bps AFSK CW;OZ2DTU;inactive
DTUsat-2;40030;1268.900 ;2401.835 ;2401.860*;9k6CPFSK/1k2 19k2 38k4MSK CW*;OZ2DTU;inactive
Duchifat-1;40021;435.220 ;145.825/145.980;145.980 ;1200bps BPSK CW;4X4HSL;active
Duchifat-3;44854;145.970 ;436.400;;FM/APRS/9k6BPSK;4H4HSL-1;inactive
DUTHSat;42724;;436.420 ;;1200bps BPSK;SZ2DUT;re-entered
DX-1;40071;144.975-145.025;434.975-435.025;438.225 ;9600bps GFSK;DAURIA;inactive
D-SAT;42794;;437.505 ;437.505 ;4800bps GMSK CW;U1-DSAT-U1;inactive
D-Star ONE;;437.325 ;435.525/435.700;;D-Star Telemetry;;failure
D-Star ONE EXOCONNECT;44410;;435.700 ;;4k8*/9k6 GMSK;;inactive
D-Star ONE iSat;43879;437.325 ;435.525/435.700*;;4k8*/9k6 GMSK;DP2GOS;active
D-Star ONE LightSat;44393;;435.700*/436.500;;4k8*/9k6 mobitex GMSK;;inactive
D-Star ONE Phoenix;43188;437.325 ;435.525 ;;D-Star Telemetry;DP1GOS;inactive
D-Star ONE Sparrow;43881;437.325 ;435.525/435.700*;;4k8*/9k6 GMSK;DP1GOS;active
E1P;;437.305 ;437.505 ;;1200bps AFSK;;failure
E1P-U2;37855;;437.493 ;;1k2AFSK_USB;;active
Eagle-1;39437;;437.465 ;;9600bps GFSK;;inactive
Eagle-2;39436;;437.505 ;437.505 ;9600bps GFSK RTTY CW;;re-entered
EagleSat-1;43018;;437.645 ;;1200bps AFSK;;inactive
Eaglet-1;43790;;435.200/435.800;;1200bps;;non-amateur
EASAT-2;51081;145.875 ;436.666 ;436.666 ;1k2/2k4 AFSK APRS FM CW;AM5SAT;inactive
EcAMSat;43019;;437.095 ;;1200bps AFSK;KE6QLL;re-entered
Ecuador-UTE;44419;;;437.050 ;CW;;unknown
EDGECUBE;45124;;437.465 ;;1200bps FSK;;re-entered
EDSN 1-8;;;2401.200-2431.200;437.100 ;1200bps AFSK;;failure
EduSat-1;42824;;437.375 ;437.372 ;1k2AFSK 9k6GMSK CW;JG6YJR;re-entered
EGG;41934;;437.200 ;;1200bps AFSK;;re-entered
Egycubesat-1;44792;;;437.970 ;CW;;inactive
Egycubesat-2;44718;;;437.974 ;CW;;unknown
EIRSAT-1;;;437.100;;9600bps GMSK;;to be launched
ELFIN-A;43617;;437.450 ;;9k6*/19k2 GFSK;WJ2XNX;re-entered
ELFIN-B;43616;;437.475 ;;9k6*/19k2 GFSK;WJ2XOX;re-entered
EnduroSat One;43551;;437.050 ;437.050 ;9600bps GMSK Music;LZ0AMS;re-entered
EntrySat;44429;;436.950 ;;9600bps BPSK;ON02FR;re-entered
EO-79;40025;435.047-435.077;145.965-145.935;145.815 ;1200bps BPSK CW SSB;QB50P1;inactive
EO-80;40032;435.080 ;145.880/145.840;145.880 ;1200bps BPSK CW FM;QB50P2;inactive
EO-88;42017;435.015-435.045;145.990-145.960;145.940 ;1200bps BPSK SSB;;active
EQUISat;43552;;435.550 ;435.550 ;4k8*/9k6 4LFSK CW LED;;re-entered
ESAIL;46273;;;;;;unknown
ESEO;43792;1263.500 ;145.930/145.895;437.000*;FM 1k2BPSK 4k8*/9k6GFSK;IW4DUL;inactive
EstCube-1;39161;;437.505/2401.250;437.254 ;9600bps GMSK CW;ES5E-11 ES5E/S;inactive
ESTELLE;;;U S-band 5.8GHz;;1Mbps-10Mbps GFSK BPSK;;unknown
Es'Hail-2;43700;2400.050-2400.300;10489.550-10489.800;;Linear  transponder;;active
Es'Hail-2;43700;2401.500-2409.500;10491.000-10499.000;;Digital transponder;;unknown
ExAlta-1;42734;;436.705 ;;4k8*/9k6/19k2 GMSK;ON03CA;re-entered
ExAlta-2;;;437.875/2428.000;;9600bps GFSK;;to be launched
EXOCONNECT;44410;;435.700 ;;4k8*/9k6 GMSK;;inactive
ExoCube-1;40380;;437.270 ;437.270 ;9600bps FSK CW;KK6HGC XO3;inactive
ExoCube-2;47319;;437.150 ;437.150 ;9600bps FSK CW;;inactive
ExseedSat-1;43775;435.340 ;145.900 ;;FM CTCSS 67.0Hz;;inactive
E-ST@R;38079;;437.445 ;;1200bps AFSK;E-STAR-I;inactive
E-ST@R-II;41459;;437.485 ;437.485 ;1200bps AFSK CW;E-STAR-II;active
FacSat-1;43721;;437.350 ;;9600bps MSK;;active
FalconSAT-3;30776;145.840 ;435.103 ;;9600bps GMSK;PFS3-11 12;re-entered
FASTRAC-1;37227;145.825 ;437.345 ;;1200bps AFSK;FAST1;inactive
FASTRAC-1;37227;145.980 ;437.345 ;;9600bps FSK;FAST1;inactive
FASTRAC-2;37380;435.025 ;145.825 ;;1200bps AFSK;FAST2;inactive
FASTRAC-2;37380;437.345 ;145.825 ;;9600bps FSK;FAST2;inactive
FCAL;29667;;437.385 ;;1200bps AFSK;KD4HBO;re-entered
FEES;48082;;437.200 ;;9600bps FSK/LoRa;;inactive
FEES-2;51441;;145.000/437.200*;;9600bps FSK 125k LoRa*;;re-entered
FIREBIRD-1;39463;;437.405 ;;19200bps FSK;K7MSU;inactive
FIREBIRD-2;39464;;437.230 ;;19200bps FSK;K7MSU;inactive
FIREBIRD-3;40377;;437.396*/437.405;;19200bps FSK;K7MSU;active
FIREBIRD-4;40378;;437.219*/437.230;;19200bps FSK;K7MSU;active
First-MOVE;39439;435.520 ;145.970 ;145.970 ;1200bps BPSK CW;MOVE1;inactive
FITSAT-1;38853;;437.445/5.84GHz;437.250 ;1200bps/115.2Kbps;JG6YEW;re-entered
FloripaSat-1;44885;436.100 ;436.100*;145.900 ;1k2*/2k4 2GFSK;PY0EFS;inactive
FMN-1;43192;145.945 ;435.350 ;;9600*bps BPSK FM;BUAABJ;active
FORESAIL-1;52765;;437.125 ;437.125 ;1k2/4k8*/9k6 MSK CW;OH2FIS;inactive
FossaSat-1;44829;;436.700 ;;FSK RTTY 45 baud;;re-entered
FossaSat-1b;;;436.700/436.800;436.800 ;125k LoRa 9k6GMSK CW;;failure
FossaSat-1b2;;;436.700/436.800;436.800 ;125k LoRa 9k6GMSK CW;;re-entered
FossaSat-2;;;436.700/436.900;436.900 ;125k LoRa 9k6GMSK CW;;failure
FossaSat-2E1;50985;;401.700 ;;9600bps GFSK 125k LoRa*;;active
FossaSat-2E2;50984;;401.700 ;;9600bps GFSK 125k LoRa*;;active
FossaSat-2E3;50990;;401.700 ;;9600bps GFSK 125k LoRa*;;active
FossaSat-2E4;50987;;401.700 ;;9600bps GFSK 125k LoRa*;;active
FossaSat-2E5;51001;;401.700 ;;9600bps GFSK 125k LoRa*;;active
FossaSat-2E6;50991;;401.700 ;;9600bps GFSK 125k LoRa*;;active
FossaSat-2E7;52778;;401.700 ;;9600bps GFSK 125k LoRa*;;active
FossaSat-2E8;52779;;401.700 ;;9600bps GFSK 125k LoRa*;;active
FossaSat-2E9;;;401.700 ;;9600bps GFSK 125k LoRa*;;active
FossaSat-2E10;;;401.700 ;;9600bps GFSK 125k LoRa*;;active
FossaSat-2E11;52750;;401.700 ;;9600bps GFSK 125k LoRa*;;active
FossaSat-2E12;52773;;401.700 ;;9600bps GFSK 125k LoRa*;;active
FossaSat-2E13;52776;;401.700 ;;9600bps GFSK 125k LoRa*;;active
Fox-1A;40967;435.182 ;145.980 ;145.980 ;FM CTCSS 67.0Hz/200bps DUV;;inactive
Fox-1B;43017;435.250 ;145.960 ;145.960 ;FM* CTCSS 67.0Hz/200bps DUV;;active
Fox-1C;43770;435.300/1267.300;145.920 ;145.920 ;FM CTCSS 67.0Hz/200bps DUV*;;inactive
Fox-1D;43137;435.350/1267.350;145.880 ;145.880 ;FM* CTCSS 67.0Hz/200bps DUV;;active
Fox-1E;47311;145.860-145.890;435.790-435.760;435.750 ;1k2 BPSK SSB CW* FT4*;;active
FO-12;16909;145.900-146.000;435.900-435.800;435.795 ;SSB CW;;inactive
FO-12;16909;145.85/87/89/91;435.910 ;;1200bps JAS;8J1JAS;inactive
FO-20;20480;145.900-146.000;435.900-435.800;435.795 ;SSB CW;;inactive
FO-20;20480;145.85/87/89/91;435.910 ;;1200bps JAS;8J1JBS;inactive
FO-29;24278;145.900-146.000;435.900-435.800;435.795 ;SSB* CW DigiTalker;;active
FO-29;24278;145.85/87/89/91;435.910 ;;1200bps JAS;8J1JCS;inactive
FO-69;37227;145.825 ;437.345 ;;1200bps AFSK;FAST1;inactive
FO-69;37227;145.980 ;437.345 ;;9600bps FSK;FAST1;inactive
FO-70;37380;435.025 ;145.825 ;;1200bps AFSK;FAST2;inactive
FO-70;37380;437.345 ;145.825 ;;9600bps FSK;FAST2;inactive
FO-81;40321;;;437.325 ;CW;JQ1ZNN;deep space
FO-98;43933;;437.505/5840.000;437.497;1200bps AFSK CW;JS1YAX;inactive
FO-99;43937;145.900-145.930;435.910-435.880;435.900/437.075*;9k6/38k4FSK pi/4QPSK CW*;JS1YAV;active
FO-118;54684;21.400 ;29.490 ;;HF/HF SSB bandwidth 30kHz;;unknown
FO-118;54684;21.435 ;435.505 ;;HF/UHF SSB bandwidth 30kHz;;unknown
FO-118;54684;;;29.465 ;HF_CW;;unknown
FO-118;54684;145.820 ;435.540 ;;VHF/UHF SSB bandwidth 30kHz;;active
FO-118;54684;145.925 ;435.600 ;;VHF/UHF FM bandwidth 30kHz;;active
FO-118;54684;;;435.570 ;UHF_CW;BJ1SO;active
FO-118;54684;;435.650 ;;4k8 GMSK image data;CAS5A;active
FSI-SAT;;;437.175 ;437.175 ;1k2AFSK 9k6GMSK SSTV CW;;failure
FUNcube-1;39444;435.130-435.150;145.970-145.950;145.935 ;1200*bps BPSK SSB;;active
FUNcube-2;40074;435.060-435.080;145.950-145.930;145.915 ;1200bps BPSK;;inactive
FUNcube-3;40025;435.047-435.077;145.965-145.935;145.815 ;1200bps BPSK CW SSB;QB50P1;inactive
FUNcube-4;43792;;145.895 ;;1200bps BPSK;;active
FUNcube-5;42017;435.015-435.045;145.990-145.960;145.940 ;1200bps BPSK SSB;;active
FUNcube-6;43803;435.100-435.120;145.875-145.855;145.840 ;1200bps BPSK SSB CW;JY1SAT;active
FUTABA;53463;;437.375 ;437.375 ;1200bps AFSK CW;JG6YBW;re-entered
F-1;38855;;145.980 ;437.485 ;1200bps FM AFSK CW;XV1VN;re-entered
Galassia;41170;;144.200/145.000;436.400 ;4k8*AFSK 9k6GMSK;;active
GASPACS;51439;;437.365 ;;9600bps 2GFSK;N7GAS;re-entered
GEARRSat-1;40456;;;;;;unknown
GeneSat-1;29655;;437.065/437.100;437.065 ;1200bps AFSK;KE7EGC;re-entered
GENESIS-G;;145.875 ;436.888 ;436.888 ;1k2/2k4 AFSK FM APRS CW;AM2SAT;re-entered
GENESIS-J;;145.925 ;436.666 ;436.666 ;1k2/2k4 AFSK FM APRS SSTV CW;AM3SAT;re-entered
GENESIS-L;;145.875 ;434.203/436.875 ;436.875 ;50bps_ASK CW;AM2SAT;failure
GENESIS-N;;145.888 ;434.216/436.888 ;436.888 ;50bps_ASK CW;AM3SAT;failure
Geoscan-Edelveis;53385;;436.200 ;;9600bps GFSK USP;RS20S;active
GhanaSat-1;42821;;437.375 ;437.372 ;1k2AFSK 9k6GMSK CW;JG6YJP;inactive
GHRCESAT;47718;;436.000;;LoRa;;inactive
Goliat;38080;;437.485 ;437.485 ;1200bps AFSK CW;YO7MJF;inactive
GOMX-1;39430;;437.250 ;437.250 ;1k2/2k4/4k8*/9k6GMSK CW;;active
GOMX-2;;;437.250 ;;9600bps MSK;;failure
GOMX-3;40949;;437.250 ;;4k8/19k2* GMSK;;re-entered
GOMX-4A;43197;;400.800 ;;;;non-amateur
GOMX-4B;43198;;400.800 ;;;;non-amateur
Gossamer Piccolomini;50993;;915.000 ;;FM;;unknown
GO-32;25397;145.850/145.930;435.225/435.325*;;9600bps FSK;4XTECH-11 12;active
GRBALPHA;47959;145.905 ;437.025 ;437.025 ;9k6GFSK Digipeater CW;OM9GRB;active
GRAHAM;39146;;2401.200-2431.200;437.425 ;1200bps AFSK;KJ6KRW-2;re-entered
GreenCube;53106;435.310 ;435.310 ;;0k3/1k2*/2k4FSK Digipeater;;active
Green Diamond;42783;;401.150 ;;9600bps FSK;;active
GRIFEX;40379;;437.480 ;;9k6*/19k2bps GMSK;KD8SPS;inactive
Grizu-263A;51025;;435.675/437.190*;;2k4*/4k8 FSK;;active
GT-1;51510;;437.175 ;;9600bps FSK;KK4UVG;re-entered
GuaraniSat-1;47931;145.825 ;145.825 ;437.375 ;1k2AFSK/4k8FSK APRS CW;JG6YMZ;re-entered
HADES;51080;145.925 ;436.888 ;436.888 ;1k2/2k4 AFSK FM APRS CW;AM6SAT;inactive
Hamsat;28650;435.220-435.280;145.930-145.870;145.936 ;SSB Carrier;Indian;inactive
Hamsat;28650;435.225-435.275;145.925-145.875;145.860 ;SSB CW;Dutch;inactive
HARP;45256;450.000 ;468.000 ;;;;re-entered
HAUSAT-1;;;437.465 ;;1200bps AFSK;D90HP;failure
HAVELSAT;42700;;436.845 ;436.845 ;9600bps GMSK CW;ON02TR;re-entered
HawaiiSat1;;;145.9805 ;437.2705 ;9600bps GFSK;;failure
HawkSat-1;35004;;437.345 ;;1200bps AFSK;;inactive
HA-1;43156;145.930 ;436.950 ;437.350/437.644*;FM 9600bps BPSK;BI4ST;active
Hermes;;;437.425 ;;1200bps AFSK;;failure
Hiapo;;;437.225 ;;9600bps FSK;;failure
HiNCube;39445;;437.305 ;;;;inactive
Hirogari;47930;436.500 ;145.900 ;145.900 ;1k2AFSK/9k6/13k6GMSK CW;JL3ZKS;active
HITOMI;33493;;437.425 ;437.250 ;1k2AFSK 9k6GMSK CW*;JQ1YCX;active
Hoopoe;42718;;437.740 ;;9600bps BPSK;ON01IL;re-entered
Ho'oponopono-2;39403;;427.220 ;;9600bps FSK GMSK;;inactive
Hodoyoshi-1;40299;;467.674 ;;1000bps Unknown;;non-amateur
HORYU-2;38340;;437.375 ;437.375 ;1200bps FSK CW;JG6YBW;inactive
HORYU-4;41340;;437.375/2400.300;437.375*;1k2 AFSK 9k6 GMSK S-BPSK CW*;JG6YBW;active
HO-59;29484;145.980 ;437.425 ;437.275 ;1200bps AFSK;JR8YJT;re-entered
HO-68;36122;145.925-145.975;435.765-435.715;;SSB inverting;BJ1SA-11 12;inactive
HO-68;36122;145.825 ;435.675 ;;FM tone 67Hz;;inactive
HO-68;36122;;;435.790 ;CW;BJ1SA;active
HO-107;45119;145.910-145.940;435.840-435.810;;SSB;;inactive
HO-107;45119;;435.800/24049.000;;1200bps BPSK;;inactive
HO-113;50466;145.855-145.885;435.195-435.165;;VHF/UHF SSB*;;active
HO-113;50466;145.985;435.725 ;;4k8*GMSK image data;CAS9;active
HO-113;50466;;;435.575 ;UHF CW*;;active
HO-119;54816;145.870 ;435.180 ;;VHF/UHF SSB bandwidth 30kHz;;re-entered
HO-119;54816;;435.725 ;;4K8 GMSK telemetry;CAS10;re-entered
HO-119;54816;;;435.575 ;DTMF_camera CW;;re-entered
HSKSAT;55182;;437.275/2400.300;;1k2AFSK 9k6GMSK;JJ2YSW;active
HSU-SAT1;53462;;437.280 ;437.280 ;1k2AFSK 9K6GMSK SSTV CW;JS1YHS;active
Humsat-D;39433;;437.325*/437.525;437.325 ;1200*bps MSK CW;HUMDE;active
HuskySat-1;45119;145.910-145.940;435.840-435.810;;SSB;;inactive
HuskySat-1;45119;;435.800*/24049.000;;1200bps BPSK;;inactive
HYPSO-1;51072;;401.500 ;;FM;;inactive
ICEcube-1;;;437.305 ;;9600bps FSK;W2CXM;failure
ICEcube-2;;;437.425 ;;9600bps FSK;N2VR;failure
IceCube;42705;;43x.xxx ;;;;unknown
ICEYE-X16;51008;;401.250 ;;FM;;inactive
ICUBE-1;39432;435.060 ;145.947 ;;1200bps BPSK/FM-DSB;;inactive
IDEASSat;47458;;437.345/2420.000;BN0IDA;9600bps GMSK;;inactive
IDEFIX;27422;;145.840 ;;400bps BPSK;;inactive
IDEFIX;27422;;435.270 ;;400bps BPSK;;inactive
IiNUSat;;145.950 ;436.915 ;;1k2 9k6 BFSK;;unknown
IITMSAT;;;437.505 ;;19k2 GMSK;;unknown
INCA;;;437.125 ;;0k2 MSK;;failure
InflateSail;42770;;436.060 ;;1200bps BPSK;ON06GB;re-entered
InnoSat-2;43738;;435.500*/437.450;;4800bps GMSK;;re-entered
INSPIRESat-1;51657;;437.500 ;;9600bps GFSK;BCT;active
INSPIRESat-7;;145.830 ;435.200 ;437.410 ;9600bps BPSK FM CW;;to be launched
INSPIRE-2;42731;;436.330 ;;4800bps GMSK;ON03AU;re-entered
INS-1A;41949;;;;;;inactive
INS-1B;41954;;;;;;inactive
INS-1C;43116;;435.080 ;;1200bps FSK;INDUSR;inactive
INS-2B;54365;;435.080 ;;1200bps FSK;INDUSR;active
INS-2TD;51658;;435.080 ;;1200bps FSK;INDUSR;active
INVADER;39577;;437.200 ;437.325 ;1k2AFSK DigiTalker CW;JQ1ZKK;re-entered
ION;;;437.505 ;;1200bps AFSK;;failure
ION-MK01;46274;;437.515 ;;1200bps FSK;;inactive
ION-SCV 002;47504;;;;1200bps FSK;;unknown
ION-SCV 003;48912;;437.515 ;;1200bps FSK;;inactive
ION-SCV 004;50993;;401.415 ;;1200bps FSK;;inactive
ION-SCV 005;52163;;401.415 ;;1200bps FSK;;active
ION-SCV 006;52761;;401.415 ;;1200bps FSK;;inactive
ION-SCV 007;55060;;401.415 ;;1200bps FSK;;active
ION-SCV 008;55051;;401.415 ;;1200bps FSK;;active
IO-26;22826;145.875-145.950;435.822/435.867;435.791 ;1200bps JAS;ITMSAT-11 12;inactive
IO-86;40931;145.880/145.825;435.880/145.825;437.425 ;FM tone 88.5Hz/APRS;YBSAT/YBOX-1;active
IO-117;53106;435.310 ;435.310 ;;0k3/1k2*/2k4FSK Digipeater;;active
IPEX;39471;;437.270 ;437.270 ;9600bps GMSK CW;KJ6KSL-1;inactive
Irazu;43468;;436.500 ;;9600bps FSK;TI0IRA;inactive
IRIS-A;51044;;435.575/436.915*;;9600*bps GMSK LoRa;BN0IOT;active
Irvine01;43693;;437.800 ;437.800 ;9600bps FSK CW;KK6CVB;re-entered
Irvine02;43789;;437.450 ;;9600bps FSK;;inactive
iSat;43879;437.325 ;435.525/435.700*;;4k8*/9k6 GMSK;DP2GOS;active
ISOI;53381;;437.650 ;;2400bps GMSK USP;RS19S;active
ISS;25544;145.825 ;145.825 ;;1200bps AFSK;RS0ISS ARISS;active
ISS;25544;145.990 ;437.800 ;;FM* tone 67.0Hz 9k6 FSK;NA1SS;active
ISS;25544;145.990 ;145.800 ;;SSTV;;unknown
ISS;25544;145.200 ;145.800 ;;Voice(Reg 1);NA1SS;inactive
ISS;25544;144.490 ;145.800 ;;Voice(Reg 2 3);NA1SS;inactive
ISS;25544;435.050 ;145.800 ;;FM tone 67.0Hz;;inactive
ISS;25544;437.550 ;437.550 ;;1200bps AFSK;RS0ISS;inactive
ISX;43856;;437.150 ;437.150 ;9600bps FSK CW;;inactive
ITASAT-1;43786;;145.860/2400.150;;1k2 BPSK/14k4 BPSK;PY0EIA;inactive
ITF-1;39573;;;437.525 ;CW;JQ1ZLO;re-entered
ITF-2;41932;;437.525 ;437.525 ;1200bps FM CW;JQ1ZTK;re-entered
IT-SPINS;49017;;437.405 ;;19200bps GMSK;K7MSU;active
ITUpSat-1;35935;;437.325 ;437.325 ;19200bps GFSK CW*;ITUPSAT;active
JAGSAT-1;53771;;437.325 ;;9600bps 2GFSK;;re-entered
JAISAT-1;44419;145.935-145.965;435.965-435.935;435.700*;1k2PSK/4k8*GMSK SSB CW;;unknown
JAS-1;16909;145.900-146.000;435.900-435.800;435.795 ;SSB CW;;inactive
JAS-1;16909;145.85/87/89/91;435.910 ;;1200bps JAS;8J1JAS;inactive
JAS-1b;20480;145.900-146.000;435.900-435.800;435.795 ;SSB CW;;inactive
JAS-1b;20480;145.85/87/89/91;435.910 ;;1200bps JAS;8J1JBS;inactive
JAS-2;24278;145.900-146.000;435.900-435.800;435.795 ;SSB* CW (DigiTalker);;active
JAS-2;24278;145.85/87/89/91;435.910 ;;1200bps JAS;8J1JCS;inactive
JAWSAT;26061;145.860 ;437.070/437.175;;9600bps FSK;;inactive
JITSAT;47716;;437.500 ;;1100bps AM;;inactive
JO-97;43803;435.100-435.120;145.875-145.855;145.840 ;1200bps BPSK SSB CW;JY1SAT;active
Jugnu;37839;;437.505 ;437.276 ;CW;;inactive
Juvenile-1F;43199;;;436.370 ;9600bps BPSK;MXSAT-1;active
JY1Sat;43803;435.100-435.120;145.875-145.855;145.840 ;1200bps BPSK SSB CW;JY1SAT;active
K2SAT;43761;145.980 ;436.225/2404.000;435.835 ;FM 9600bps BSPK;;inactive
KAGAYAKI;33495;;437.375 ;437.375 ;9600bps FSK CW;;inactive
Kaidun-1;41915;;437.600 ;;1200bps BPSK;AXNWPU-4;inactive
KAITUO-1B;40912;;145.475*/437.950;;9k6* GMSK;BJ1SH;active
KAI-1;53378;;435.665*/435.765;;1k2AFSK 2k4*FSK;RS26S;active
KALAMSAT-V2;43948;;436.500 ;;;;unknown
KAUSAT-5;43135;;437.465/2413.000;;9600bps FSK 115k2 MSK;;unknown
KAZSCISAT-1;43787;;435.500 ;;9600bps GMSK;;active
Khayyam;53370;;;;;;unknown
KickSat;39685;;2401.000-2436.200;437.505 ;1200bps AFSK;KD2BHC;re-entered
KickSat-2;44046;;437.505 ;;1200bps FSK;KD2BHC;re-entered
KITSUNE;52148;;437.375 ;400.960 ;4800*bps GMSK CW*;JG6YBW JG6YNH;active
KITSUNE;52148;;5840.000;;100k/5MbpsBPSK 10/20MbpsQPSK;;unknown
KKS-1;33499;;437.445 ;437.385 ;1200bps AFSK CW*;JQ1YYY;active
KMSL;47958;;437.265 ;;9600bps BPSK;KMSLAB-1;inactive
KNACKSAT;43761;;435.635 ;435.635 ;1k2/9k6 GFSK CW;HS0K;inactive
KOSEN-1;49402;;21.125-21.150;435.525 ;1k2AFSK/9k6FSK CW*;JR5YGJ;active
KOSEN-2;;;436.750 ;436.750 ;1k2AFSK 9k6GMSK CW;;failure
KO-23;22077;145.900/145.850;435.175 ;;9600bps FSK;HL01-11 12;inactive
KO-25;22828;145.980/145.870;436.500 ;;9600bps FSK;HL02-11 12;inactive
KRAKsat;44427;;435.500 ;;1k2*AFSK/9k6GMSK;SR9KRA-6;re-entered
KSAT;36573;;S Ku-band;;10kbps 1Mbps;;non-amateur
KSAT2;39578;;S Ku-band;;200Kbps 1Mbps G1D;;non-amateur
KSM1-A;46912;;401.030 ;;9600bps FSK;;active
KSM1-B;46914;;401.060 ;;9600bps FSK;;active
KSM1-C;46906;;401.120 ;;9600bps FSK;;active
KSM1-D;46907;;401.090 ;;9600bps FSK;;active
KSU-Cubesat;47954;;437.130 ;;4800bps GMSK;KSUC1;active
KS-1Q;41847;;436.500 ;;20kbps GMSK;;inactive
KUbeSat-1;;;437.085 ;;9600bps GMSK;;to be launched
KUTESat Pathfinder;;;437.385 ;;1200bps AFSK;KC0RMW;failure
KuwaitSat-1;55103;;436.980 ;;38k4FSK LoRa;;inactive
KUZBASS-300;53375;;437.700 ;;2400bps GMSK USP;RS34S;active
KySat-1;;145.850 ;436.790 ;;1200bps AFSK;;failure
KySat-2;39384;;437.405 ;;9600bps FSK;KK4AJJ;re-entered
LabSat;51086;;401.100 ;;FM;;inactive
LAICE-1;;;437.505 ;;9600bps GMSK;;unknown
LambdaSat;40458;;437.462 ;;1200bps AFSK;;unknown
LBSat;23607;;137.955 ;;;;unknown
Lemur-2;;;402.450-402.600;;9600bps GMSK;;unknown
LAPAN-A2;40931;145.880/145.825;435.880/145.825;437.425 ;1k2*AFSK FM tone 88.5Hz;YBSAT/YBOX-1;active
LAPAN-A3;41603;;437.425 ;;1200bps FFSK;;non-amateur
LARES;38077;;;;;;non-amateur
LEDSAT;49069;;435.190 ;;9600bps GMSK;;active
LEO;44360;;437.505 ;;9k6*/19k2/38k4 FSK;KJ6RQH-1;re-entered
LIBERTAD-1;31128;;437.405 ;437.399 ;1200bps AFSK;5K3L;inactive
LightCube;;;437.175 ;;1200bps AFSK;;to be launched
LightSail-A;40661;;437.435 ;;9600bps FSK;KK6HIT-1;re-entered
LightSail-2;44420;;437.025 ;;9600bps GMSK;KK6HIT-10;re-entered
LightSat;44393;;435.700*/436.500;;4k8*/9k6 mobitex GMSK;;inactive
Light-1;51509;;437.710 ;;1k2 BPSK 2k4*GMSK;;re-entered
LilacSat-1;42725;145.985 ;436.510 ;;9600bps BPSK FM;ON02CN;re-entered
LilacSat-2;40908;144.350/144.390;144.390/437.225*;437.200;1k2/4k8/9k6* AFSK/GFSK;BJ1SI;active
LINK;42714;;436.030 ;;1200bps BPSK;D80LW;re-entered
LINGQUE-1A;43942;;401.800 ;;FM;;re-entered
LitSat-1;39568;435.135-435.165;145.965-145.935;;SSB;;re-entered
LitSat-1;39568;435.550 ;145.845 ;435.138 ;9600bps FSK CW;LY1LS;re-entered
LituanicaSAT-1;39569;145.950 ;435.176 ;;FM tone 67.0Hz;;re-entered
LituanicaSAT-1;39569;145.850 ;437.543 ;437.275 ;9600bps FSK CW;LY5N;re-entered
LituanicaSAT-2;42768;;437.265 ;;9600bps FSK;LY0LS;active
LORIS;55125;;437.165 ;;19200bps GMSK;;inactive
LO-19;20442;145.840-145.900;437.125/437.150;437.125 ;CW carrier;LUSAT-11 12;inactive
LO-74;39440;;437.445 ;;1k2AFSK 9k6FSK;CUBEB2-6;active
LO-75;39382;145.825 ;145.822/437.325;145.825 ;1200bps AFSK CW Voice;W5UL-15;re-entered
LO-87;41557;435.935-435.965;145.965-145.935;145.900 ;SSB CW;;unknown
LO-87;41557;;436.445 ;;9k6/19k2/40k0* GFSK;;active
LO-90;42725;145.985 ;436.510 ;;9600bps BPSK FM;ON02CN;active
LO-93;43471;;435.425/436.425/2222.810;;500/250bps GMSK;BJ1SM;inactive
LO-94;43472;;435.400/436.400/2275.220;;500/250bps GMSK;BJ1SN;re-entered
LQSat;40958;;437.650/2404.035;437.650;4k8 MSK 1Mbps QPSK CW;;inactive
Lucky-7;44406;;437.525 ;;4k8*/9k6 GFSK;;active
LUME-1;43908;;437.060 ;;4800bps GMSK;;active
Luojia 1-01;43485;;437.250 ;;4800bps GMSK;;inactive
M6P;44109;;437.265 ;LY0LS;9600bps FSK;;inactive
MAGNARO;;;145.850/436.325;436.325;1k2AFSK 9k6GMSK 19k2GMSK CW;;failure
MakerSat-0;43016;;;;;;inactive
MARIO;55123;;437.485 ;;9600bps GMSK;WL2XYF;active
MaSat-1;38081;;437.345 ;437.345 ;625/1250bps 2GFSK CW;HA5MASAT;re-entered
MAST;31126;;2400.000-2483.500;;FHSS;;inactive
Max Valier Sat;42778;;145.860 ;145.960*/437.325 ;CW;II3MV;active
MAYA-1;43590;145.825 ;145.825 ;437.375 ;APRS digipeater CW;JG6YKM;re-entered
Maya-2;47929;145.825 ;145.825 ;37.375 ;4k8FSK APRS CW;JG6YMY;re-entered
Maya-3;49273;145.825 ;437.375 ;437.375 ;4800bps GMSK CW*;MAYA3;re-entered
Maya-4;49274;145.825 ;437.375 ;437.375 ;4800bps GMSK CW*;MAYA4;re-entered
Mazaalai;42822;;437.375 ;437.372 ;1k2AFSK 9k6GMSK CW;JG6YJQ;re-entered
M-Cubed;37855;;437.485;;9600bps GMSK;;inactive
MCubed-2;39469;;437.479 ;;9600bps GMSK;NOCALL;active
MDASat-1A;50995;;401.075 ;;FM;;inactive
MDASat-1B;51072;;401.075 ;;FM;;inactive
MDASat-1C;51038;;401.075 ;;FM;;inactive
Mea Huaka'i Voyager;;;437.405/5.840GHz;;1200bps AFSK;;failure
MemSat;43554;;437.350 ;;9600bps BPSK;;re-entered
MEROPE;;;145.980 ;;1200bps AFSK;K7MSU-1;failure
MESAT-1;;145.910-145.940;435.810-435.840;435.800 ;1200bps BPSK SSB;;to be launched
METEOR-M1;35865;;137.100/137.900;2201.000 ;72kbps QPSK CW*;;weather sat
METEOR-M2;40069;;137.100*/137.900;;72kbps LRPT;;weather sat
METEOR-M2-2;44387;;137.100/137.900;1700.000*;72kbps QPSK AHRPT*;;weather sat
MeznSat;46489;;436.600 ;;1k2/2k4/4k8* BPSK;A68MZ;active
MicroDragon;43935;;2280.000;;;;non-amateur
MicroMAS-1;40457;;468.000 ;;1.5Mbit/s OQPSK;;unknown
MIET-AIS;53377;;437.900 ;;2400bps GMSK USP;RS28S;active
MIMAN;52900;;436.500 ;;2k4/4k8* FSK;;active
MinXSS-1;41474;;437.350 ;;9600bps GMSK;MINXSS;re-entered
MinXSS-2;43758;;437.250 ;;9600bps GMSK;MINXS2;inactive
MIR;16609;145.985 ;145.985 ;;Packet;R0MIR-1;re-entered
MIR-SAT1;48868;145.9875;436.925 ;;9600bps GMSK Digipeater;3B8MIR;re-entered
MiTEE-1;47314;;437.800 ;;9600bps FSK;WL9XJH;inactive
MITSUBA;;;437.375 ;437.375 ;1k2AFSKCW;;failure
MONITOR-1;53374;;437.550 ;;2400bps GMSK USP;RS32S;active
MOVE-2;43780;437.800 ;145.950 ;145.950 ;12k5 BPSK CW;DB0MVE;active
MOVE-2B;44398;;145.840 ;145.840 ;12k5bps BPSK CW;DP0MVB;inactive
MO-30;24305;;435.138 ;;1200bps BPSK;;inactive
MO-46;26548;145.850/145.925;437.325 ;;38400bps FSK;MYSAT3-11 12;inactive
MO-72;38081;;437.345 ;437.345 ;625/1250bps 2GFSK CW;HA5MASAT;re-entered
MO-76;39436;;437.505 ;437.505 ;9600bps GFSK RTTY CW;;re-entered
MO-105;44832;;437.150 ;;12.5kbps GMSK;;active
MO-106;44830;;437.175 ;;12.5kbps GMSK;;re-entered
MO-110;47964;;437.345 ;437.345 ;2GMSK CW;;active
MO-112;48868;145.9875;436.925 ;;9600bps GMSK;3B8MIR;active
MTCube;44399;;436.750 ;;9600bps FSK;;inactive
MTCube-2;53109;;436.750 ;;1k2AFSK 2k4*/9k6GMSK;;inactive
myPocketQub;;;437.425-437.525;;;;unknown
MXSAT-1;43199;;;436.370 ;9600bps BPSK;MXSAT-1;active
MYSAT-1;44045;;435.775 ;;1k2*/4k8/9k6 BPSK;A68MY;inactive
MYSAT-2;49017;;436.908 ;;1200bps BPSK;A68MX;active
NanoDragon;49398;;437.365 ;;1200bps BPSK;;unknown
NanoSail-D2;37361;;;437.270 ;1200bps AFSK;KE7EGC;re-entered
NanoSat-6;44346;;437.200 ;;9600bps GMSK;;unknown
Nanosat-7;44339;437.345 ;2300.000 ;;;;unknown
NanosatC-Br1;40024;;145.865 ;145.865 ;1200bps BPSK CW;NCBR1;inactive
NanosatC-Br2;47950;;145.865 ;;1k2*/2k4/4k8/9k6BPSK;NCBR2;active
NAPA-2;48963;;401.120*/150;;1200bps BPSK;NAPS2;unknown
NARSScube-1;44792;;;437.970 ;CW;;re-entered
NARSScube-2;44718;;;437.974 ;CW;;re-entered
Nayif-1;42017;435.015-435.045;145.990-145.960;145.940 ;1200*bps BPSK SSB;;active
NCUBE-1;;;437.305 ;;9600bps GMSK;LA1CUB;failure
NCUBE-2;28897;;437.305 ;;9600bps FSK;LA1CUB;inactive
NEE-01 Pegaso;39151;;910.000 ;;AMTV-CW SSTV;;non-amateur
NEE-02 Krysaor;39441;;980.000 ;;;;non-amateur
Negai;36575;;437.305 ;437.305 ;1200bps AFSK CW;JQ1ZEX;re-entered
NepaliSat-1;44331;;437.375 ;437.375 ;4800bps GMSK CW;JG6YLF;re-entered
Neptuno;48966;;401.500 ;;FM;;unknown
NETSAT-1;46506;;435.600 ;;9600bps GFSK;DP2NSA;unknown
NETSAT-2;46507;;435.600 ;;9600bps GFSK;DP2NSB;active
NETSAT-3;46505;;435.600 ;;9600bps GFSK;DP2NSC;unknown
NETSAT-4;46504;;435.600 ;;9600bps GFSK;DP2NSD;unknown
NEUDOSE;;;436.050 ;;9600bps GFSK;;to be launched
NEUTRON-1;46923;145.840 ;435.300 ;;9k6 FSK/1k2*BPSK_KISS;WH6DNU-1;re-entered
NEXUS;43937;145.900-145.930;435.910-435.880;435.900/437.075*;9k6/38k4FSK pi/4QPSK CW*;JS1YAV;active
NIUSAT;42766;;436.000/2240.000;;1200bps FSK;NIUOBT;inactive
NJFA-1;40926;;435.645 ;;4k8*/9k6 GMSK;;re-entered
NJUST-1;42722;;436.570 ;;1200bps BPSK;BI4ST;re-entered
NJUST-2;40927;;437.645 ;;4k8*/9k6 GMSK;;re-entered
NMARS;29662;148.975 ;27.965 ;;1200bps FM USB;;re-entered
NMTSat;43851;;148.800 ;;9600bps GFSK;;inactive
Nodes-1;41478;;437.100/2401.200-2431.200;;1k2 AFSK 115k2 FSK;KE6QLL;re-entered
Nodes-2;41477;;437.100/2401.200-2431.200;;1k2 AFSK 115k2 FSK;KE6QLL;re-entered
NOAA-12;21263;;137.620/1701.000;;;;weather sat
NOAA-14;23455;;137.620/1701.000;;;;weather sat
NOAA-15;25338;;137.620*/1702.500;;;;weather sat
NOAA-16;26536;;137.620/1701.000;;;;weather sat
NOAA-17;27453;;137.500/1701.000;;;;weather sat
NOAA-18;28654;;137.9125*/1707.000;;;;weather sat
NOAA-19;33591;;137.100*/1698.000;;;;weather sat
NOOR-1A;;;;;;;unknown
NOOR-1B;;;;;;;unknown
NOUR-01;45529;;401.500 ;;9600bps FSK;SPACE;re-entered
NOUR-02;51594;;401.500/2258.000;;9600bps FSK;;non-amateur
Norbi;46494;;436.700 ;;9600bps FSK/250k_LoRa;CUBSAT;active
NO-44;26931;145.827 ;145.827 ;;1200bps AFSK;(A) W3ADO-1;active
NO-44;26931;435.250 ;145.827 ;;9600bps FSK;(A) PCSAT-1;active
NO-44;26931;;144.390 ;;1200bps AFSK;(B) PCSAT-11;inactive
NO-44;26931;;144.390 ;;9600bps FSK;(B) PCSAT-12;inactive
NO-45;26932;145.945 ;437.100 ;;1200bps AFSK;KE6QMD;inactive
NO-60;29661;145.825 ;145.825 ;;1200bps AFSK;RAFT;re-entered
NO-61;29664;145.825 ;145.825 ;;1200bps AFSK;ANDE-1;re-entered
NO-62;29667;;437.385 ;;1200bps AFSK;KD4HBO;re-entered
NO-83;40655;28.120;435.350;437.975;9600bps FSK PSK31;BRCSAT;re-entered
NO-84;40654;28.120;435.350;145.825;1200bps AFSK PSK31;PSAT;re-entered
NO-103;44355;28.120/145.825;145.825/435.350/437.605*;;1k2/9k6* FSK;USNAP1-1;re-entered
NO-104;44354;28.120/145.825;145.825/435.350*/437.605;;1k2 SSTV* PSK31;;re-entered
NPS-SCAT;39389;;2401.200-2447.600;437.525 ;1200bps AFSK CW;K6NPS;inactive
NO-116;51031;;436.235 ;436.235 ;500*bps GFSK RTTY* CW;AM9NPQ;active
nSight-1;42726;;435.900/2405.000;;9600bps GMSK;ON02AZ;re-entered
NSLSat-1;44391;;401.200 ;;FM;;unknown
NSLSat-2;55067;;401.500 ;;FM PSK31;;active
NUDT-PhoneSat;40900;;437.300;;9k6 GFSK;BJ1SJ;inactive
NUDTSat;42787;;436.270 ;;9600bps BPSK;BG7AKF;inactive
NuSat-1;41557;435.935-435.965;145.965-145.935;145.900 ;SSB CW;;inactive
NuSat-1;41557;;436.445 ;;9k6/19k2/40k0* GFSK;;inactive
NuSat-2;41558;435.935-435.965;145.965-145.935;145.900 ;SSB CW;;inactive
NuSat-2;41558;;437.445 ;;9k6/19k2/40k0* GFSK;;inactive
NUTSAT;55124;;436.850 ;;1k2*AFSK 9k6GFSK;BN0UT;active
NuX-1;51073;;437.650 ;;1200bps FSK;;unknown
Oculus-ASR;44346;;437.200 ;;9600bps GMSK;;unknown
OF-2;45113;;435.040/2426.000;;9k6 GMSK/3-5Mbps QPSK;KG5UAK;inactive
OMNI-L2;52771;;401.050 ;;FM;;inactive
OMOTENASHI;;;437.310/437.410;;FM PSK31 PCM-PSK/PM;;inactive
OO-38;26063;;437.100 ;;9600bps FSK;KF6RFX;inactive
OPS-SAT;44878;;437.200 ;;9600bps GMSK;DP0OPS;active
OPTIMAL-1;;;;;;;non-amateur
OPTOS;39420;;;;;;non-amateur
OPUSAT;39575;;437.154 ;;1k2AFSK 9k6GFSK CW;JL3ZCA;re-entered
OPUSAT-II;47930;436.500 ;145.900 ;145.900 ;1k2*AFSK/9k6/13k6GMSK CW;JL3ZKS;re-entered
ORBICRAFT-ZORKIY;47960;;437.850*/437.950/10465.000;;2k4/9k6*FSK DVB-S2;RS15S;active
ORCASAT;55126;;437.060 ;;10.17kbit/s FSK;;active
OreSat-0;52017;;436.500/2425.000;436.500;9k6FSK 96kGMSK 1M_DPSK CW;KJ7SAT;active
OrigamiSat-1;43933;;437.505/5840.000;437.497;1200bps AFSK CW;JS1YAX;re-entered
ORS-Squared;;;437.325 ;;9600bps GMSK;;failure
OSIRIS-3U;43027;;437.505 ;;9k6-38k4 GMSK;;re-entered
OSSI-1;39131;;437.525 ;145.980 ;1200bps AFSK CW;;unknown
OUFTI-1;41458;435.045 ;145.950 ;145.980 ;9600bps DSTAR FSK CW;OUFTI-1;inactive
Owlsat;;;436.975 ;;9600bps GFSK;;to be launched
O/OREOS;37224;;437.305 ;;1200bps AFSK;KF6JBP;inactive
PACE;40022;;437.485 ;437.485 ;1200bps AFSK CW;;inactive
PACSAT;20439;145.920 ;437.026 ;;FM USB;;inactive
PACSAT;20439;145.920 ;437.026 ;2401.143 ;1200bps JAS;PACSAT-11 12;inactive
Painani-1;44365;;437.475 ;;9600bps GMSK;SPACE;re-entered
Painani-2;48942;;437.475/2410.300;;9600bps GMSK;;active
PCSAT-1;26931;145.827 ;145.827 ;;1200bps AFSK;(A) W3ADO-1;active
PCSAT-1;26931;435.250 ;145.827 ;;9600bps FSK;(A) PCSAT-1;inactive
PCSAT-1;26931;;144.390 ;;1200bps AFSK;(B) PCSAT-11;inactive
PCSAT-1;26931;;144.390 ;;9600bps FSK;(B) PCSAT-12;inactive
PCSAT-2;;145.825 ;435.275/437.975;;9600bps FSK;PC2TLM;re-entered
PearlAfricaSat-1;54535;;145.825/435.375;435.375 ;4800bps GMSK APRS CW;;inactive
Pegasus-1;;;468.000 ;;FSK;;unknown
Pegasus;42784;;436.670 ;;9600bps GMSK;ON03AT;inactive
Perseus-M1;40039;;400.160/400.170*;;9600bps GFSK;CQ;non-amateur
Perseus-M2;40037;;400.190/400.221*;;9600bps GFSK;CQ;non-amateur
PETITSAT;55130;;2273.000;;FM;;inactive
PharmaSat-1;35002;;437.465 ;;1200bps AFSK;KE7EGC;inactive
Phase-3A;;435.153-435.277;145.962-145.838;145.810;SSB CW;;failure
Phase-3B;14129;435.030-146.180;145.975-145.825;145.810 ;SSB CW;;inactive
Phase-3C;19216;435.423-435.573;145.975-145.825;145.812 ;SSB CW;;re-entered
Phase-3D;26609;;;2401.323 ;400bps PSK;;inactive
Phase-4A;43700;2400.050-2400.300;10489.550-10489.800;;Linear  transponder;;active
Phase-4A;43700;2401.500-2409.500;10491.000-10499.000;;Digital transponder;;unknown
Phoenix;42706;;436.915 ;;9600bps GMSK;ON01TW;re-entered
Phoenix;43188;437.325 ;435.525 ;;D-Star Telemetry;DP1GOS;inactive
Phoenix;45258;;437.350/2402.500;;9600bps GMSK;WJ2XOY;re-entered
PhoneSat1;39142;;2401.200-2431.200;437.425 ;1200bps AFSK;KJ6KRW-1;re-entered
PhoneSat1;39146;;2401.200-2431.200;437.425 ;1200bps AFSK;KJ6KRW-2;re-entered
PhoneSat2;39144;;2401.200-2431.200;437.425 ;1200bps AFSK;KJ6KRW;re-entered
PhoneSat2.4;39381;;2401.200-2431.200;437.425 ;1200bps AFSK;KJ6KRW;re-entered
PhoneSat2.5;39684;;2401.200-2431.200;437.425 ;1200bps AFSK;KJ6KRW;re-entered
PIC-A;47317;;903.800 ;;19200bps GMSK;;inactive
PIC-B;47318;;903.800 ;;19200bps GMSK;;inactive
PicoDragon;39413;;437.xxx ;437.250 ;1200bps AFSK CW;XV9PID;re-entered
PICPOT;;;437.485 ;;9600bps FSK;;failure
PICPOT;;;2440.000 ;;10kbit GFSK;;failure
PicSat;43132;145.910 ;435.525 ;;1k2*/9k6 BPSK FM;PICSAT-2;active
PION-BR1;50984;;437.300 ;;1200bps GFSK;;inactive
PIXL-1;47448;;400.575 ;;9600bps MSK;;active
PLANETUM-1;52738;145.925 ;436.680 ;436.680 ;9k6*GFSK CW Digipeater;;active
PlantSat;52188;;437.240 ;;4800bps FSK;;active
Platform-1;52770;;400.360 ;;2k4/4k8*/9k6 GFSK;SS2141;active
Platform-2;55067;;401.360 ;;4800bps GFSK;;inactive
Pocket-PUCP;;;437.200 ;437.200 ;1200bps AFSK CW;;inactive
PolyITAN-1;40042;;437.677 ;437.677 ;9600*bps BFSK CW;EM0UKP;active
PolyITAN-2-SAU;42732;;436.600 ;;9600bps BPSK;QBUA01;re-entered
PolyITAN-HP-30;;;436.600 ;;9600bps BPSK;;unknown
Polytech_Universe-1;53372;;436.896/436.996;;;125k LoRa;unknown
Polytech_Universe-2;53371;;437.476/437.576;;;125k LoRa;unknown
POPSAT-HIP1;40028;;437.405 ;437.405 ;1k2 9k6 CCSDS CW;POPSAT;inactive
PO-28;22829;145.925/145.975;435.075/435.275;;9600bps FSK;POSAT1-11 12;inactive
PO-34;25520;436.500 ;;;Spectrum;;inactive
PO-63;29712;;145.825 ;;1200bps AFSK;LU1YUC;inactive
PO-101;43678;437.500 ;145.900 ;145.900 ;FM* tone 141.3Hz CW;D1W2PH;active
Pratham;41783;;437.455 ;145.980 ;1200bps AFSK CW;PRATHAM;inactive
PrintSat;;;437.325 ;;9600bps GMSK;;failure
PRISM;33493;;437.425 ;437.250 ;1k2AFSK 9k6GMSK CW*;JQ1YCX;active
Proiteres;38756;;437.485 ;437.485 ;1200bps AFSK CW;JL3YZL;inactive
Proiteres-2;;435.650 ;145.850 ;145.850 ;1k2AFSK Digipeater CW;;unknown
Prox-1;44339;437.345 ;2300.000 ;;;;unknown
PSAT;40654;28.120/145.825;435.350/145.825;;1200bps AFSK PSK31;PSAT;re-entered
PSAT-2;44354;29.350/145.825;145.825/435.350*/437.605;;1k2 SSTV* PSK31;;re-entered
PTecSat;;;436.000/437.000-437.200;;1200bps AFSK;;unknown
PUCP-SAT-1;39442;145.840 ;145.840/437.200;;1200bps AFSK;;inactive
PW-Sat1;38083;435.020 ;145.900 ;145.902 ;1200bps BPSK FM CW;VOID;inactive
PW-Sat2;43814;;435.275 ;;1k2/9k6* BPSK;;re-entered
PyCubed-1;;;437.290 ;;3000bps FSK LoRa;;unknown
QARMAN;45263;;437.350 ;;9600bps GMSK;ON05BE;re-entered
QB50p1;40025;435.047-435.077;145.965-145.935;145.815 ;1200bps BPSK CW SSB;QB50P1;inactive
QB50p2;40032;435.080 ;145.880/145.840;145.880 ;1200bps BPSK CW FM;QB50P2;inactive
QBEE;42708;;435.800 ;;9600bps GFSK;ON01SE;re-entered
QBITO;42728;;436.810 ;;9600bps GFSK;;re-entered
QBUA01;;;436.600 ;;9600bps BPSK;;unknown
QIKCOM-1;;145.825 ;145.825 ;144.390 ;1200bps AFSK;QIKCOM-1;inactive
QMR-KWT;48943;;436.500 ;;9600bps GMSK;LZ0KWT;inactive
QO-100;43700;2400.050-2400.300;10489.550-10489.800;;Linear  transponder;;active
QO-100;43700;2401.500-2409.500;10491.000-10499.000;;Digital transponder;;unknown
QUAKESAT;27845;;436.682 ;;9600bps FSK;KD7OVB;inactive
Quantutong-1;43158;436.100/2415.000/5667.000;436.100*/2415.000/5845.000;;9k6 GMSK/5Mbps OFDM;;inactive
Qubesat;;;437.740 ;;5k5 2FSK;;failure
Qubescout-S1;39443;;437.525 ;;9600bps GMSK;;inactive
Qubik-1;;;435.240 ;;9k6GFSK/GMSK/BPSK 19k2/38k4QPSK;;failure
Qubik-2;;;435.340 ;;9k6GFSK/GMSK/BPSK 19k2/38k4QPSK;;failure
Qubik-3;53958;;435.240 ;;9600bps GFSK/BPSK;;re-entered
Qubik-4;53958;;435.240 ;;9600bps GFSK/BPSK;;re-entered
QUETZAL-1;45598;;437.200 ;;4800bps GMSK;;re-entered
Q-PACE;;;437.275 ;;9600bps FSK;;inactive
R2;;;401.050 ;;FM;;unknown
Raavana-1;44329;;437.375 ;437.375 ;4800bps GMSK CW;JG6YLG;re-entered
RACE;;;437.525 ;437.525 ;38k4 GMSK CW;;failure
RadFxSat;43017;435.250 ;145.960 ;145.960 ;FM* CTCSS 67.0Hz/200bps DUV;;active
RadFXsat-2;47311;145.860-145.890;435.790-435.760;435.750 ;1k2 BPSK SSB CW* FT4*;;active
RadSat-g;43553;;437.425 ;;9600bps GMSK;K7MSU;re-entered
RadSat-u;45262;;437.425 ;;19200bps GMSK;;re-entered
RAFT;29661;145.825 ;145.825 ;;1200bps AFSK;RAFT;re-entered
RAIKO;38852;;2.285GHz 13GHz;2285.000 ;38.4Kbps-500Kbps BPSK;;non-amateur
RAMSAT;48850;;436.300 ;;9600bps FSK;CQ;re-entered
RANDEV;52898;;436.030 ;;1k2*/9k6 BPSK;RANDEV;active
RANGE-A;43772;;437.150 ;;0.1kbps-115.2kbps FSK/MSK/GFSK/GMSK;;inactive
RANGE-B;43773;;437.475 ;;0.1kbps-115.2kbps FSK/MSK/GFSK/GMSK;;inactive
RASAT;37791;;437.400;;9600bps FSK;RASAT0-11 12;inactive
RAX-1;37223;;437.505 ;;9600bps GMSK;RAX-1;inactive
RAX-2;37853;;437.345 ;;9600bps GMSK;;inactive
Reaktor Hello World;43743;;437.775/2410.000;437.775 ;9k6* 2GFSK/1MbpsMSK CW*;OH2RHW1;active
Red Diamond;42783;;401.150 ;;9600bps FSK;;active
RESHUCUBE;53382;;435.380 ;;2400bps GMSK USP;RS8S;active
RINCON;;;436.870 ;437.345 ;1200bps AFSK;WA4CEW;failure
RISING-2;39769;435.xxx;2401.xxx;;1200bps 9600-96000bps;;non-amateur
ROBUSTA-1A;38084;;437.325 ;;1200bps AFSK;;inactive
ROBUSTA-1B;42792;;437.325 ;437.325 ;1200bps AFSK CW;FX6FR;active
ROBUSTA-1D;53111;;436.500 ;;1k2AFSK 2k4*/9k6GMSK;FX6FRB;inactive
ROBUSTA-1F;53109;;436.750 ;;1k2AFSK 2k4*/9k6GMSK;FX6FRA;inactive
RSP-00;43639;;145.890/436.930;145.890 ;1k2AFSK 38k4 pi/4QPSK CW;8J1RSP;re-entered
RSP-01;47925;;145.810 ;145.810 ;1k2AFSK/9k6*GMSK/19k2FSK CW;8N1RSP;re-entered
RS-1;11085;;;;;;Non-Operational
RS-2;11086;;;;;;Non-Operational
RS-3;12997;;;;;;Non-Operational
RS-4;13000;;;;;;Non-Operational
RS-5;12999;;;;;;Non-Operational
RS-6;13002;;;;;;Non-Operational
RS-7;13001;;;;;;Non-Operational
RS-8;12998;;;;;;Non-Operational
RS-9;;;;;;;Project Canceled
RS-10;18129;;;29.357/29.403;CW;;Non-Operational
RS-11;18129;;;29.357/29.403;CW;;Non-Operational
RS-12;21089;21.210- 21.250;29.410- 29.450;29.408 ;SSB CW;;Non-Operational
RS-13;21089;21.260- 21.300;145.860-145.900;145.862 ;SSB CW;;Non-Operational
RS-14;21087;;;145.822/145948;CW;;Non-Operational
RS-15;23439;;;29.3525/29.3987;CW;;Unknown
RS-16;24744;;;435.510 ;CW;;re-entered
RS-17;24958;;;145.820 ;CW;;re-entered
RS-18;25533;;;145.812 ;CW;;re-entered
RS-19;25685;;;145.815 ;CW;;re-entered
RS-20;27560;;;145.828/435.319;CW;;re-entered
RS-21;27394;;;145.825 ;CW;;re-entered
RS-22;27939;;;432.098/435.352;CW;;Unknown
RS-23;28523;;;435.215/435.315;CW;;Non-Operational
RS-24;;;;;;;Unknown
RS-25;28898;;;435.325 ;CW;;Unknown
RS-26;28893;;;;;;Engineering
RS-27;;;;;;;Launch failed
RS-28;35869;;;435.264 ;CW;;Non-Operational
RS-29;;;;;;;ID reserved
RS-30;32953;;;435.215/435.315;CW;;Non-Operational
RS-31 to RS-37;;;;;;;for ORBCOMM
RS-38;35868;;;435.490 ;CW;;Non-Operational
RS-39;38051;;;435.215/435.315;CW;;Non-Operational
RS-40;38735;;;435.365 ;CW;;Non-Operational
RS-41;39492;;;435.265 ;CW;;Non-Operational
RS-42;;;;;;;Unknown
RS-43;39133;;;435.215/435.265;CW;;Non-Operational
RS-44;44909;145.935-145.995;435.670-435.610;435.605 ;SSB CW FT4;RS44;Operational
RS-45;;;;;;;Unknown
RS-46;39497;;;435.465/435.565;CW;;Non-Operational
RS-47;39765;;;435.465/435.565;CW;;Non-Operational
RS-48;41465;;;435.315 ;CW;;Non-Operational
RWASAT-1;44790;;;;;;re-entered
R5-S1;;;;;;;failure
SACRED;;;436.870 ;;1200bps AFSK;WA4CEW;failure
SAFIR-S;25399;;;2401.900 ;9600bps FSK;DP1AIS;inactive
SamSat-218D;41466;435.590-435.610;145.850-145.890;145.870 ;TRXSSAU CW;SAMSAT-218D;re-entered
SALSAT;46495;;435.900/435.950;;1200bps AFSK;;active
SanoSat-1;51031;;436.235 ;436.235 ;500*bps GFSK RTTY* CW;AM9NPQ;active
SATLLA-1;46924;;437.250/2401.000;;LoRa 476bps-9k6bps;;re-entered
SATLLA-2A;50984;;437.250 ;;9600bps FSK 62.5k LoRa*;;unknown
SATLLA-2B;50986;;437.250 ;;9600bps FSK 62.5k LoRa*;;unknown
Sathyabamasat;41600;;145.980 ;;2400bps BPSK CW;SNSAT;inactive
SaudiSat-1A;26545;;436.775 ;;9600bps FSK;SASAT1-11 12;inactive
SaudiSat-1B;26549;;436.075 ;;9600bps FSK;SASAT2-11 12;inactive
SaudiSat-1C;27607;145.850 ;436.795 ;;FM* tone 67.0Hz;;active
SaudiSat-4;40016;;;;Ka-band SSB;;inactive
SBUDNIC;52774;;435.000 ;;LoRa;;inactive
SDSAT;47721;;435.500 ;435.500 ;LoRa RTTY CW;;inactive
SEAM;;;437.250 ;;9600bps GMSK;SA0SAT;failure
SEAM-2.0;44411;;437.250/2208.200;;9600bps GMSK;;unknown
SECM-1;40928;;435.645 ;;4k8*/9k6 GMSK;;re-entered
SEEDS;;;437.485 ;;1200bps AFSK;JQ1YGU;failure
SEEDS-II;32791;;437.485 ;437.485 ;1k2AFSK CW* DigiTalker;JQ1YGU;active
SeeMe;43758;;437.425/2425.000;437.450 ;CW;;inactive
SelfieSat;53951;;437.500 ;;9600bps 2FSK;WJ2XOX;active
Serenity;;;437.100 ;;4800bps AFSK;;failure
Serenity-2;;;437.100 ;;4800bps AFSK;;re-entered
Serenity-3;;;437.100 ;;4800bps FM;;to be launched
SERPENS;40897;;145.980/437.365;;1k2 MSK/9k6 GFSK CW;PY0ESA;re-entered
SGSat;42703;;437.450 ;;9600bps FSK;;unknown
Shaonian-Xing;43199;;;436.370 ;9600bps BPSK;MXSAT-1;active
SharjahSat-1;55104;437.325/2405.000;;256/1k2/9k6*GMSK;A60UOS;active
SHERPA-AC1;52763;;;400.481 ;CW;;active
ShindaiSat;39572;;437.305 ;437.485 ;1200bps AFSK CW;JR0ZST;re-entered
SHIN'EN2;40320;145.940-145.960;435.280-435.260;437.385/437.505;SSB WSJT/CW;JG6YIG;deep space
SIGMA;43134;;435.780 ;;9600bps BPSK;;inactive
SIMBA;46279;;401.175 ;;1200bps BPSK;;unknown
Siren;53384;;437.750 ;;2400bps GMSK USP;RS30S;active
SiriusSat-1;43595;;435.570/435.619;;4800bps GMSK;RS13S;re-entered
SiriusSat-2;43596;;435.670/435.719;;4800bps GMSK;RS14S;re-entered
skCUBE;42789;437.100 ;437.100/2401.000 ;437.100 ;9600bps GMSK Digipeater CW;OM9SAT;inactive
Skif-D;54153;;435.566 ;;FM;;unknown
Skoltech-B1;53379;;435.000*/435.600;;9600bps GMSK USP;R0AJU-1;active
Skoltech-B2;53380;;435.000*/435.600;;9600bps GMSK USP;R0AJU-1;active
SkyCube;39567;;915.000 ;;57.6Kbps;;non-amateur
SMOG-1;47964;;437.345 ;437.345 ;2GMSK CW;;active
SMOG-P;44832;;437.150 ;;12.5kbps GMSK;;active
SNet-A;43186;;435.950/2263.000;;1k2*/2k4 FFSK;DP0TBB;inactive
SNet-B;43187;;435.950/2263.000;;1k2*/2k4 FFSK;DP0TBC;inactive
SNet-C;43188;;435.950/2263.000;;1k2*/2k4 FFSK;DP0TBD;inactive
SNet-D;43189;;435.950/2263.000;;1k2*/2k4 FFSK;DP0TBE;inactive
SNoOPI;;;;;P-band;;to be launched
SNUGLITE;43784;;437.275/2405.000;;9600bps GMSK;;inactive
SNUGLITE-II;52899;;436.490/2405.000;;1k2 BPSK 9k6*GMSK;DS0DH;unknown
SNUSAT-1;42733;;436.090 ;;1200bps BPSK;ON02KR;re-entered
SNUSAT-2;43782;;437.625/2402.000;;9k6 BPSK/1.06Mbit DQPSK;;inactive
SNUSAT-1b;42727;;435.950 ;;1200bps BPSK;ON03KR;re-entered
SOAR;48851;;401.723 ;;;;non-amateur
SOC-i;;;437.125 ;;4800bps GMSK;;to be launched
Sokrat;44404;;436.000 ;;4800bps mobitex GMSK;;active
SOCRATES;39768;;;;;;non-amateur
SOCRATES;;;914.700 ;;;;unknown
SOHLA-1;33496;;437.505 ;437.505 ;1200bps AFSK CW;JL3YUS;inactive
SOMP;39134;;437.485 ;437.503 ;1200bps AFSK CW*;DP0TUD;active
SOMP-2;42701;;437.405 ;;9600bps GMSK;;re-entered
SOMP-2B;47445;;435.600 ;;9600bps GMSK;DP2TUD;active
SONATE;44400;;145.840/437.025;;9k6GMSK/GSFK SSTV;;unknown
SORTIE;45264;450.000 ;468.000 ;;;;re-entered
SO-33;25509;;437.910 ;;9600bps FSK;SEDSAT-1;inactive
SO-35;25636;436.291 ;145.825/2250.000;;9600bps FM;SUNSAT-3;inactive
SO-41;26545;;436.775 ;;9600bps FSK;SASAT1-11 12;inactive
SO-42;26549;;436.075 ;;9600bps FSK;SASAT2-11 12;inactive
SO-43;26929;;;145.820 ;9600bps FSK;STRSHN;re-entered
SO-50;27607;145.850 ;436.795 ;;FM* tone 67.0Hz;;active
SO-67;35870;145.875 ;435.345 ;435.300 ;FM tone 233.6Hz;;inactive
SO-114;51081;145.875 ;436.666 ;436.666 ;1k2/2k4 AFSK APRS FM CW*;AM5SAT;active
SO-115;51080;145.925 ;436.888 ;436.888 ;1k2/2k4 AFSK FM APRS CW;AM6SAT;inactive
SpaceCube;42717;145.860 ;436.880 ;;1200bps AFSK FM;ON05FR;re-entered
SPACEHAUC-1;49277;;437.500 ;;9600bps FSK;;re-entered
SpaceTuna-1;54537;;;;Blue LED;;unknown
SPARTAN;48912;;400.360 ;;9600bps GFSK;;inactive
Sparrow;43881;437.325 ;435.525/435.700*;;4k8*/9k6 GMSK;DP1GOS;active
SPATIUM-I;43638;;401.000/467.000;;;;non-amateur
SpinSat;40314;;437.230 ;;9600bps GFSK;;inactive
SPiN-1;52743;;401.000 ;;9600bps GFSK;;inactive
SPOC;46921;;437.350/2401.300;;9k6 GMSK/2Mbps QPSK;MOCI-1;re-entered
SpooQy-1;44332;;435.300/436.200*/437.500;;4k8/9k6* GMSK;;re-entered
SporeSat;39681;;2401.200-2431.200;437.100 ;1200bps AFSK;;unknown
SPORT;55129;;400.860 ;;1k2/9k6* BPSK;SPORT;active
Sprites;;;437.240/437.325;;125bps MSK;;unknown
Sprites;;;437.240 ;;CDMA;;re-entered
SPROUT;39770;;437.525 ;437.525 ;1k2AFSK 9k6GMSK CW*;JQ1ZJQ;active
SPROUT;39770;437.600 ;437.600 ;;Digipeater Digitalker SSTV;;inactive
SRMSAT;37841;145.900 ;437.500 ;437.425 ;CW;;inactive
SSETI;28894;;437.250 ;;9600bps FSK;SSETI1;inactive
SSIETSAT;47717;;436.000;;LoRa;;inactive
STACEM;;;;;;;failure
StangSat;;;;;;;unknown
Star-Vibe;55009;;437.025 ;;4k8*/9k6GMSK;OM9GRB;unknown
STARS-mother;33498;;437.485 ;437.305 ;1200bps FM CW*;JR5YBN;active
STARS-daughter;33498;;437.465 ;437.275 ;1200bps FM CW*;JR5YBO;active
STARS-AO;43679;;437.400*/437.200;437.350 ;1k2*AFSK 115kGMSK CW;JJ2YSY;inactive
STARS-C-mother;41895;;437.405 ;437.245 ;1200bps FM CW;JJ2YPL;re-entered
STARS-C-daughter;41895;;437.425 ;437.255 ;1200bps FM CW;JJ2YPM;re-entered
STARS-EC(A);47928;;437.405/437.200;437.245 ;115k2 CW;JJ2YVA;re-entered
STARS-EC(B);47928;;437.425/437.200;437.255 ;115k2 CW;JJ2YVB;re-entered
STARS-EC(C);47928;;437.400/437.200;437.350 ;115k2 CW;JJ2YVC;re-entered
STARS-II-mother;39579;;437.405 ;437.245 ;1200bps AFSK CW;JR5YDX;re-entered
STARS-II-daughter;39579;;437.425 ;437.255 ;1200bps AFSK CW;JR5YDY;re-entered
STARS-Me-mother;43640;;437.405 ;437.245 ;1k2AFSK 9k6GMSK CW;JJ2YPL;re-entered
STARS-Me-daughter;43640;;437.425 ;437.255 ;1k2AFSK 9k6GMSK CW;JJ2YPM;re-entered
STECCO;47962;;435.800 ;;9600bps FSK;;inactive
STEP CubeLab;43138;;437.485 ;437.485 ;9600bps FSK CW*;;active
STEP CubeLab-II;52897;;437.485 ;;9600bps GMSK;STEP2;active
STMSat-1;41476;;437.000/437.800 ;;9600bps GMSK SSTV;;re-entered
STORK-1;51087;;401.100 ;;FM;;inactive
STORK-2;51088;;401.100 ;;FM;;inactive
STORK-3;51098;;401.100 ;;9600bps FSK;;inactive
STORK-4;48873;;401.100 ;;9600bps FSK;;inactive
STORK-5;48872;;401.100 ;;9600bps FSK;;inactive
STRaND-1;39090;;437.568 ;;9600bps GMSK;;active
StudSat;36796;437.505 ;437.505 ;437.861 ;9600bps FSK CW;;inactive
STU-1;;;2402.000-2445.000;436.360 ;9600bps GMSK;;failure
SUCHAI;42788;;;437.229 ;CW;SUCHAI;active
SUCHAI-2;52192;;437.230 ;;4800bps FSK;;active
SUCHAI-3;52191;;437.250 ;;4800bps FSK;;active
SuitSat-1;28933;;145.990 ;;FM;;unknown
SuitSat-2;37772;435.742-435.758;145.938-145.922;145.919 ;FM linear/inverting;;re-entered
SuitSat-2;37772;;145.950 ;;FM SSTV Telemetry;;re-entered
SuitSat-2;37772;;145.918 ;145.919 ;BPSK-1000/CW;RS01S;re-entered
SuitSat-2;37772;;145.939 ;145.939 ;BPSK-400/CW;;re-entered
SumbandilaSat;35870;145.875 ;435.345 ;435.300 ;FM tone 233.6Hz;;inactive
Suomi-100;43804;;437.775/2410.000;;9600bps FSK;;active
Supernova-Beta;;;437.570 ;;1200bps AFSK;;failure
SurfSat;43614;;437.275 ;;9600bps FSK;;re-entered
SuryaSatellite-1;55181;145.825 ;145.825 ;435.825 ;1k2AFSK APRS CW;YH1SSS;unknown
SUSat;42730;;436.775 ;;9600bps FSK;;re-entered
SwampSat;39402;;437.385 ;;9600bps FSK;;re-entered
SwampSat-2;45115;;145.875/436.600*/2432.000;;9k6 GMSK/3Mbps QPSK;WK2XID;re-entered
Swayam COEP;41607;;437.025 ;437.025 ;1200bps BPSK CW;SWAYAM;inactive
Swiatowid;44426;436.000 ;145.850/435.500*/2435.000;;1k2*AFSK/9k6GFSK;SR9SAT-6;re-entered
SW1FT;50993;;401.025 ;;FM;;inactive
SwissCube-1;35932;;437.505 ;437.505 ;1200*bps BFSK CW;HB9EG1;inactive
SWSU-55 No1;53309;;437.050/437.050;;1k145 AFSK SSTV AUDIO;RS10S;re-entered
SWSU-55 No2;53312;;437.050/437.062;;1k145 AFSK SSTV AUDIO;RS11S;re-entered
SWSU-55 No3;53313;;437.050/437.075;;1k145 AFSK SSTV AUDIO;RS1S;re-entered
SWSU-55 No4;53306;;437.050/437.082;;1k145 AFSK SSTV AUDIO;RS2S;re-entered
SWSU-55 No5;53310;;437.050/437.100;;1k145 AFSK SSTV AUDIO;RS3S;re-entered
SWSU-55 No6;53321;;437.050/437.087;;1k145 AFSK SSTV AUDIO;RS4S;re-entered
SWSU-55 No7;53322;;437.050/437.1125;;1k145 AFSK SSTV AUDIO;RS5S;re-entered
SWSU-55 No8;53308;;437.050/437.000;;1k145 AFSK SSTV AUDIO;RS6S;re-entered
SXC3-212;53374;;437.550 ;;2400bps GMSK USP;RS32S;active
SXC3-213;53383;;435.570 ;;2400bps GMSK USP;RS21S;active
SXC3-214;53377;;437.900 ;;2400bps GMSK USP;RS28S;active
SXC3-215;53386;;437.800 ;;2400bps GMSK USP;RS33S;active
SXC3-216;53376;;435.670 ;;2400bps GMSK USP;RS23S;active
SXC3-217;53384;;437.750 ;;2400bps GMSK USP;RS30S;active
SXC3-218;53375;;437.700 ;;2400bps GMSK USP;RS34S;active
SXC3-219;53381;;437.650 ;;2400bps GMSK USP;RS19S;active
SXC3-2110;53373;;436.050 ;;2400bps GMSK USP;RS29S;active
SXC3-2111;53382;;435.380 ;;2400bps GMSK USP;RS8S;active
TabletSat-Aurora;40017;;435.550/436.100;437.050 ;9600bps GMSK D-STAR;;inactive
Taka;54534;;145.825/435.375;435.375 ;4800bps GMSK APRS CW;;inactive
Tancredo-1;41391;;437.200 ;437.200 ;1200bps AFSK CW;PY0ETA;re-entered
Tanusha-SWSU-1;42911;;437.050 ;145.800 ;9600bps FSK Voice;RS6S;re-entered
Tanusha-SWSU-2;42912;;437.050 ;145.800 ;9600bps FSK Voice;RS7S;re-entered
Tanusha-SWSU-3;43597;;437.050 ;;1200bps AFSK Voice;RS8S;re-entered
Tanusha-SWSU-4;43598;;437.050 ;;1200bps AFSK Voice;RS9S;re-entered
TARGIT;51440;;437.285 ;;9k6 FSK*/MSK/GFSK/GMSK;T4RG1T;re-entered
TartanArtibeus-1;51078;;401.820 ;;9600bps FSK;;inactive
Taurus-1;44530;145.820 ;436.760 ;435.840 ;9600bps BPSK FM;;inactive
Tausat-1;47926;;436.400 ;436.400 ;9600bps BPSK CW;TAUSAT-1;re-entered
Tausat-2;55073;;436.400 ;;9600bps BPSK;TAUSAT-2;active
TBEx-A;44356;;437.485 ;;9600bps GMSK;KF6RFX;re-entered
TBEx-B;44359;;437.485 ;;9600bps GMSK;KF6RFX;re-entered
TechEdSat-1;38854;;437.465 ;437.465 ;1200bps FM CW;KJ6TVO;re-entered
TechEdSat-2;39143;;;;;;re-entered
TechEdSat-3;39415;;437.465 ;437.465 ;1200bps FM CW;;re-entered
TechEdSat-4;40455;;;;;;re-entered
TechEdSat-5;42066;;;;;;re-entered
TechEdSat-6;43026;;;;;;re-entered
TechEdSat-7;47312;;;;;;re-entered
TechEdSat-8;44032;;;;;;re-entered
TechEdSat-9;;;;;;;to be launched
TechEdSat-10;45917;;;;;;re-entered
TechEdSat-11;;;437.465;;1200bps FM;;to be launched
TechEdSat-12;;;;;;;to be launched
TechEdSat-13;51095;;;;;;unknown
TechEdSat-14;;;;;;;unknown
TechEdSat-15;53957;;;;;;re-entered
TechnoSat;42829;;435.950;435.950;4k8*/9k6 GMSK CW;DP0TBA;inactive
TechSat-1B;25397;145.850/145.930;435.225*/435.325;;9600bps FSK;4XTECH-11 12;active
TeikyoSat-3;39576;;437.450 ;437.450 ;1200bps AFSK CW;JQ1ZKM;re-entered
TeikyoSat-4;49396;;437.450/5831.000;437.450 ;1k2AFSK/9k6GMSK/115k2FSK CW*;JS1YHH;active
Ten-Koh;43677;;437.390 ;437.390 ;1k2AFSK 9k6*GMSK CW WSJT;JG6YKY;inactive
TEPCE-1/2;;;;;;;unknown
TetherSat;;;437.100/437.305;;9600bps GFSK;;inactive
Tevel-1;51013;145.970 ;436.400 ;;9600bps BPSK FM;T1OFK;active
Tevel-2;51069;145.970 ;436.400 ;;9600bps BPSK FM;T2YRC;active
Tevel-3;50988;145.970 ;436.400 ;;9600bps BPSK FM;T3TYB;active
Tevel-4;51063;145.970 ;436.400 ;;9600bps BPSK FM;T4ATA;active
Tevel-5;50998;145.970 ;436.400 ;;9600bps BPSK FM;T5SNG;active
Tevel-6;50999;145.970 ;436.400 ;;9600bps BPSK FM;T6NZR;active
Tevel-7;51062;145.970 ;436.400 ;;9600bps BPSK FM;T7ADM;active
Tevel-8;50989;145.970 ;436.400 ;;9600bps BPSK FM;T8GBS;active
Thybolt-1;54363;;436.175 ;435.360 ;4k8/9k6 FSK CW*;THY01;active
Thybolt-2;54364;;436.175 ;435.360 ;4k8/9k6 FSK CW*;THY02;active
Tianqi-4B;44841;;401.612 ;;FM;;re-entered
TIANQIN-1;44881;435.270-435.290;145.935-145.915;;SSB*;;active
TIANQIN-1;44881;;145.890 ;;4800bps GMSK;BJ1SO;inactive
TIANQIN-1;44881;;;145.910 ;CW;BJ1SO;inactive
Tianwang-1A;40928;;435.645 ;;4k8*/9k6 GMSK;;re-entered
Tianwang-1B;40927;;437.645 ;;4k8*/9k6 GMSK;;re-entered
Tianwang-1C;40926;;435.645 ;;4k8*/9k6 GMSK;;re-entered
Tianyi-1;41842;;437.500/437.525;2401.600 ;9600bps GMSK;;unknown
Tianyi-2;43155;435.350/2403.000/5653.000;435.350*/2403.000/5833.000;;9k6 GMSK/5Mbps OFDM;;active
Tianyi-3;43664;435.875/2406.000/5656.000;435.875/2406.000/5836.000;;9k6 GMSK/5Mbps OFDM;;unknown
Tianyi-4;43669;435.925/2409.000/5659.000;435.925*/2409.000/5839.000;;9k6 GMSK/5Mbps OFDM;;active
Tianyi-5;43553;436.025/2412.000/5665.000;436.025/2412.000/5842.000;;9k6 GMSK/5Mbps OFDM;;unknown
Tianyi-6;43158;436.100/2415.000/5667.000;436.100*/2415.000/5845.000;;9k6 GMSK/5Mbps OFDM;;inactive
TigriSat;40043;;435.000 ;;9600bps FSK;HNATIG;active
TIsat-1;36799;145.980 ;437.305 ;145.980 ;FM AFSK PSK CW;HB9DE;inactive
TiungSat;26548;145.850/145.925;437.325 ;;38400bps FSK;MYSAT3-11 12;inactive
TJ3Sat;39385;;;437.320 ;CW;;re-entered
TJREVERB;55128;145.825 ;145.825 ;;1k2AFSK APRS;;inactive
Toki;42820;;437.375 ;437.372 ;1k2AFSK 9k6GMSK CW;JG6YJO;re-entered
Tomsk-TPU-120;42910;;437.025 ;145.800 ;9600bps FSK Voice;RS4S;inactive
TO-31;25396;145.925/145.975;436.925/436.900;;9600bps FSK;TMSAT1-11 12;inactive
TO-89;41932;;437.525 ;437.525 ;1200bps FM CW;JQ1ZTK;re-entered
TO-108;44881;435.270-435.290;145.935-145.915;;SSB*;;active
TO-108;44881;;145.890 ;;4800bps GMSK;BJ1SO;inactive
TO-108;44881;;;145.910 ;CW;BJ1SO;inactive
Trailblazer-1;39400;;437.425 ;;9600bps FSK;;re-entered
Triton-1;39427;435.xxx;145.818/145.823*;2408.000 ;1200bps RC-BPSK CW*;TRIV0 TRIV1;active
TRISAT;46280;145.900 ;436.500 ;435.6125 ;9600bps GMSK CCSDS;;unknown
TRISAT-R;53108;;435.613 ;;1kbps GFSK;;inactive
TRSI-1;44831;;437.075 ;437.075;FSK CW;;re-entered
TRSI-2;52419;;437.075 ;;2400bps BPSK;;inactive
TRSI-3;52420;;437.075 ;437.075 ;FSK* CW;;active
TSAT;39682;;;;;;unknown
Tsiolkovsky_Ryazan-1;53312;;437.050/437.025;;1k145 AFSK SSTV AUDIO;RS9S;re-entered
Tsiolkovsky_Ryazan-2;53313;;437.050/437.0125;;1k145 AFSK SSTV AUDIO;RS12S;re-entered
TSUBAME;40302;;437.505 ;437.275 ;1200bps AFSK CW;JQ1ZHX;inactive
Tsuru;47927;145.825 ;145.825 ;437.375 ;4k8*FSK APRS CW;JG6YMX;re-entered
TTU100;46312;;435.450*/10465.000;ES1WS;9k6* FSK/GMSK/MSK/OQPSK;;active
TTU101;44401;;435.450*/435.500/10460.000;;9600bps GFSK/GMSK;;unknown
TUBIN;48900;;435.950 ;;9600bps GMSK;DP0TBN;inactive
TUMnanoSAT;53464;;436.680 ;;9600bps GMSK;ER1TUM;re-entered
TuPOD;41936;;437.425 ;437.425 ;1200bps GMSK CW;TUPOD;re-entered
TURKSAT-3USAT;39152;145.940-145.990;435.200-435.250;437.225 ;SSB CW;;inactive
TW-1A;40928;;435.645 ;;4k8*/9k6 GMSK;;re-entered
TW-1B;40927;;437.645 ;;4k8*/9k6 GMSK;;re-entered
TW-1C;40926;;435.645 ;;4k8*/9k6 GMSK;;re-entered
TY-1;41842;;437.500/437.525;2401.600 ;9600bps GMSK;;unknown
TY-2;43155;435.350/2403.000/5653.000;435.350*/2403.000/5833.000;;9k6 GMSK/5Mbps OFDM;;inactive
TY-3;43664;435.875/2406.000/5656.000;435.875/2406.000/5836.000;;9k6 GMSK/5Mbps OFDM;;unknown
TY-4;43669;435.925/2409.000/5659.000;435.925*/2409.000/5839.000;;9k6 GMSK/5Mbps OFDM;;active
TY-5;43553;436.025/2412.000/5665.000;436.025/2412.000/5842.000;;9k6 GMSK/5Mbps OFDM;;unknown
TY-6;43158;436.100/2415.000/5667.000;436.100*/2415.000/5845.000;;9k6 GMSK/5Mbps OFDM;;inactive
UAPSat-1;39571;145.980 ;437.385 ;;1200bps AFSK;OA0UAP-1;inactive
UBAKUSAT;43467;145.940-145.990;435.200-435.250;;SSB;;re-entered
UBAKUSAT;43467;;437.325 ;437.225 ;9600bps GMSK CW;YM1RAS;re-entered
UbatubaSat;41931;;437.200 ;437.200 ;1200bps AFSK CW;PY0ETA;inactive
UCLSat;42765;;435.975 ;;9600bps GMSK;ON03GB;inactive
Uguisu;44330;;437.375 ;437.375 ;4800bps GMSK CW;JG6YLE;re-entered
UiTMSat-1;43589;145.825 ;145.825 ;437.375 ;APRS digipeater CW;JG6YKN;inactive
UKube-1;40074;435.060-435.080;145.960-145.940;;SSB;;inactive
UKube-1;40074;;145.805/2401.000;145.840 ;1200bps BPSK CW;UKUBE1;inactive
UniBRITE;39092;;145.890 ;145.890 ;CW;;inactive
UNICORN-1;51076;;401.820 ;;9600bps FSK;;unknown
UNICORN-2A;51073;;401.820 ;;9600bps FSK;;unknown
UNICORN-2B;;;;;;;unknown
UNICORN-2C;;;;;;;unknown
UNICORN-2D;51032;;401.820 ;;9600bps FSK;;unknown
UNICORN-2E;;;;;;;unknown
UNICubeSAT;38085;;437.305 ;;9600bps FSK;;inactive
UNIFORM-1;39767;;2228.000 ;;;;non-amateur
UniSat-5;39421;;437.175/437.425;;9600bps GMSK;;inactive
UniSat-6;40012;;437.421 ;;9600bps GMSK;II0US;active
UniSat-7;47945;;437.425 ;;9600bps FSK;II0US;active
UNITEC-1;36578;;5840.000 ;5840.000 ;1200bps AFSK CW;JQ1ZUN;deep space
UNSA-SAT1;;;3.4GHz;;230Kbps BPSK;;unknown
UNSW-EC0;42723;;436.525/2400.500;;4800bps GMSK;ON02AU;re-entered
UO-9;12888;;145.825/435.025;2401.000 ;SSB CW;;re-entered
UO-11;14781;;145.826*/435.025;2401.500 ;(V)FM (S)PSK;UOSAT-2;active
UO-14;20437;145.975 ;435.070 ;;FM;;inactive
UO-15;20438;;;435.120 ;CW;;re-entered
UO-22;21575;145.900/145.975;435.120 ;;9600bps FSK;UOSAT5-11 12;inactive
UO-36;25693;145.960 ;437.400/437.025;;38400bps FSK;UO121-11 12;inactive
UPMSat;23607;;137.955 ;;;;unknown
UPMSat-2;46276;;437.405 ;;1200bps BFSK;UPMST2;active
UPSat;42716;;435.765 ;;9600bps GMSK;GND;inactive
URSA MAIOR;42776;;435.950;;9600bps FSK;URSAMR;inactive
USNAP1;44355;28.120/145.825;145.825/435.350/437.605*;;1k2/9k6* FSK;USNAP1-1;inactive
USS Langley;40652;28.120/145.825;437.475/435.350;2404.000 ;9600bps FSK PSK31;;inactive
UTMN;53376;;435.670 ;;2400bps GMSK USP;RS23S;active
UVSQ-Sat;47438;145.905 ;437.020 ;;1k2/9k6* BPSK FM*;LATMOS-1;active
UWE-1;28892;;437.505 ;;1200bps AFSK;DP0UWE;inactive
UWE-2;35934;;437.385 ;437.385 ;1200bps AFSK CW;DP0UWF;inactive
UWE-3;39446;;435.000/436.395/437.385*;;9600bps GMSK CW;DP0UWG;inactive
UWE-4;43880;437.375 ;435.600*/437.375/437.385;;9600bps FSK Digipeater;DP0UWH;active
VDNH-80;44392;;436.500 ;;4800bps mobitex;;active
VEERY-FS1;52777;;137.950 ;;FM;;inactive
VELOX-I;40057;;145.980 ;145.980 ;9600bps FSK CW;VELOXI;inactive
VELOX-P2;39438;437.305 ;145.980 ;145.980 ;1200bps BPSK CW;;inactive
VELOX-2;41171;;145.930 ;145.930 ;1200bps BPSK CW;VELOX2;inactive
VELOX-III;41935;;437.375 ;437.375 ;1200bps AFSK CW;JG6YBW;active
VELOX-IV;;;437.225 ;;9600bps GMSK;;to be launched
Venta-1;42791;;437.325/2289.250;;9600bps;YL1VA;inactive
Vermont Lunar;39407;;437.305 ;;9600bps FSK;W1VTC2;re-entered
VisionCube;43758;;437.425 ;;9600bps GMSK;;unkown
Vizard;53386;;437.800 ;;2400bps GMSK USP;RS33S;active
Voenmeh;53373;;436.050 ;;2400bps GMSK USP;RS29S;active
VO-52;28650;435.220-435.280;145.930-145.870;145.936 ;SSB Carrier;Indian;inactive
VO-52;28650;435.225-435.275;145.925-145.875;145.860 ;SSB CW;Dutch;inactive
VO-96;43775;435.340 ;145.900 ;;FM CTCSS 67.0Hz;;inactive
VR3X-A;47463;;;915.600 ;CW;;inactive
VR3X-B;47467;;;915.600 ;CW;;inactive
VR3X-C;47524;;;915.600 ;CW;;inactive
VZLUsat-1;42790;;437.240 ;437.240 ;4800bps MSK CW*;VZLUSAT1;active
VZLUsat-2;51085;;437.325 ;;1k2/4k8*/9k6 MSK;;active
WARP-01;47924;;437.425 ;437.425 ;1k2GFSK 4FSK CW*;JQ1ZTK;re-entered
WASEDA-SAT-ZERO;;;437.200 ;437.200 ;1k2FSK CW;;failure
WASEDA-SAT2;36574;;437.485 ;437.485 ;1200bps PCM-FSK CW;WASEDA;re-entered
WASEDA-SAT3;41933;;437.290 ;437.290 ;1200bps PCM-FSK CW;;inactive
WE_WISH;38856;;437.515 ;437.505 ;2400bps FM SSTV CW;JQ1ZIJ;re-entered
WildTrackCube-SIMBA;47941;;435.310 ;;1k2 FSK 9k6 GMSK;;unknown
WNISAT-1;39423;;467.674 ;;;;non-amateur
WO-18;20441;;437.104/437.075;;1200bps PSK;;inactive
WO-39;26061;145.860 ;437.070/437.175;;9600bps FSK;;inactive
Wren;39435;;437.405 ;437.405 ;1200bps FSK CW;;inactive
Xatcobeo;38082;;437.365/145.940;437.365 ;1200bps FFSK SSR CW;;re-entered
Xiaoxiang-1;41842;;437.500/437.525;2401.600 ;9600bps GMSK;;unknown
Xiaoxiang-2;43155;435.350/2403.000/5653.000;435.350*/2403.000/5833.000;;9k6 GMSK/5Mbps OFDM;;active
Xiaoxiang-3;43664;435.875/2406.000/5656.000;435.875/2406.000/5836.000;;9k6 GMSK/5Mbps OFDM;;unknown
Xiaoxiang-4;43669;435.925/2409.000/5659.000;435.925*/2409.000/5839.000;;9k6 GMSK/5Mbps OFDM;;active
Xiaoxiang-5;43553;436.025/2412.000/5665.000;436.025/2412.000/5842.000;;9k6 GMSK/5Mbps OFDM;;unknown
Xiaoxiang-6;43158;436.100/2415.000/5667.000;436.100*/2415.000/5845.000;;9k6 GMSK/5Mbps OFDM;;inactive
X-CubeSat;42707;145.860 ;437.020 ;;1200bps AFSK FM;ON01FR;re-entered
XI-IV;27848;;437.490 ;436.848 ;1200bps AFSK CW*;JQ1YCW;active
XI-V;28895;;437.345 ;437.465 ;1200bps AFSK CW*;JQ1YGW;active
XO-53;28894;;437.250 ;;9600bps FSK;SSETI1;inactive
XW-1;36122;145.925-145.975;435.765-435.715;;SSB inverting;BJ1SA-11 12;inactive
XW-1;36122;145.825 ;435.675 ;;FM tone 67Hz;;inactive
XW-1;36122;;;435.790 ;CW;BJ1SA;active
XW-2A;40903;435.030-435.050;145.685-145.665;145.640/145.660;9k6/19k2 GMSK/CW*;BJ1SB;active
XW-2B;40911;435.090-435.110;145.750-145.730;145.705/145.725;9k6/19k2 GMSK/CW*;BJ1SC;active
XW-2C;40906;435.150-435.170;145.815-145.795;145.770/145.790;9k6/19k2 GMSK/CW*;BJ1SD;active
XW-2D;40907;435.210-435.230;145.880-145.860;145.835/145.855;9k6/19k2 GMSK/CW*;BJ1SE;active
XW-2E;40909;435.270-435.290;145.935-145.915;145.890/145.910;9k6 GMSK/CW*;BJ1SF;active
XW-2F;40910;435.330-435.350;146.000-145.980;145.955/145.975;9k6 GMSK/CW*;BJ1SG;active
XW-3;50466;145.855-145.885;435.195-435.165;;VHF/UHF SSB*;;active
XW-3;50466;;435.725 ;;4k8*GMSK telemetry;CAS9;active
XW-3;50466;;;435.575 ;UHF CW*;;active
XW-4;54816;145.870 ;435.180 ;;VHF/UHF SSB bandwidth 30kHz;;re-entered
XW-4;54816;;435.725 ;;4K8 GMSK telemetry;CAS10;re-entered
XW-4;54816;;;435.575 ;DTMF_camera CW;;re-entered
Yarilo-1;46490;;435.350 ;;9600bps FSK;;inactive
Yarilo-2;46490;;435.550 ;;9600bps FSK;;inactive
YukonSat;;;437.875/2428.000;;9600bps GFSK;;to be launched
YUSAT-1;47439;145.825 ;436.250 ;;1k2AFSK/9k6GMSK;BN0YS;inactive
YuZGU-1;42911;;437.050 ;145.800 ;9600bps FSK Voice;RS6S;re-entered
YuZGU-2;42912;;437.050 ;145.800 ;9600bps FSK Voice;RS7S;re-entered
YuZGU-3;43597;;437.050 ;;1200bps AFSK Voice;RS8S;re-entered
YuZGU-4;43598;;437.050 ;;1200bps AFSK Voice;RS9S;re-entered
YuZGU-5;53309;;437.050/437.050;;1k145 AFSK SSTV AUDIO;RS10S;re-entered
YuZGU-6;53312;;437.050/437.062;;1k145 AFSK SSTV AUDIO;RS11S;re-entered
YuZGU-7;53313;;437.050/437.075;;1k145 AFSK SSTV AUDIO;RS1S;re-entered
YuZGU-8;53306;;437.050/437.082;;1k145 AFSK SSTV AUDIO;RS2S;re-entered
YuZGU-9;53310;;437.050/437.100;;1k145 AFSK SSTV AUDIO;RS3S;re-entered
YuZGU-10;53321;;437.050/437.087;;1k145 AFSK SSTV AUDIO;RS4S;re-entered
YuZGU-11;53322;;437.050/437.1125;;1k145 AFSK SSTV AUDIO;RS5S;re-entered
YuZGU-12;53308;;437.050/437.000;;1k145 AFSK SSTV AUDIO;RS6S;re-entered
ZACube-1;39417;145.860 ;437.355 ;14.099 ;1k2AFSK/9k6* GMSK CW;123456;active
ZACube-2;43907;437.525/1260.250;437.345/2405.000;14.099 ;9600bps FSK;;unknown
ZA-AeroSat;42713;;437.195 ;;9600bps GMSK;ON01AZ;re-entered
Zhou Enlai;43156;145.930 ;436.950 ;437.350/437.644*;FM 9600bps BPSK;BI4ST;active
ZHUHAI-1 01;42761;435.210-435.230;145.880-145.860;;SSB*;;active
ZHUHAI-1 01;42761;;145.835 ;145.855 ;4800bps GMSK CW;BJ1SK;active
ZHUHAI-1 02;42759;435.270-435.290;145.935-145.915;;SSB*;;active
ZHUHAI-1 02;42759;;145.890 ;145.910 ;4800bps GMSK CW;BJ1SL;active
ZimSat-1;54536;;145.825/435.375;435.375 ;4800bps GMSK APRS CW;;inactive
Z-Sat;49399;435.480 ;145.875 ;145.875 ;9k6GMSK FM CW*;JJ2YPO;active
